"School Year","Division Number","Division Name","Full Time Count (All Grades)","Part Time Count (All Grades)","Total Count"
"2010-2011","1","Accomack County","5,088"," ","5,088"
"2010-2011","2","Albemarle County","13,212","9","13,221"
"2010-2011","101","Alexandria City","11,999"," ","11,999"
"2010-2011","3","Alleghany County","2,804"," ","2,804"
"2010-2011","4","Amelia County","1,815"," ","1,815"
"2010-2011","5","Amherst County","4,599"," ","4,599"
"2010-2011","6","Appomattox County","2,300"," ","2,300"
"2010-2011","7","Arlington County","21,485","1","21,486"
"2010-2011","8","Augusta County","10,769","1","10,770"
"2010-2011","9","Bath County","658"," ","658"
"2010-2011","10","Bedford County","10,592","3","10,595"
"2010-2011","11","Bland County","897"," ","897"
"2010-2011","12","Botetourt County","5,009","1","5,010"
"2010-2011","102","Bristol City","2,397"," ","2,397"
"2010-2011","13","Brunswick County","2,097"," ","2,097"
"2010-2011","14","Buchanan County","3,333"," ","3,333"
"2010-2011","15","Buckingham County","2,035"," ","2,035"
"2010-2011","103","Buena Vista City","1,135"," ","1,135"
"2010-2011","16","Campbell County","8,528"," ","8,528"
"2010-2011","17","Caroline County","4,257"," ","4,257"
"2010-2011","18","Carroll County","4,471"," ","4,471"
"2010-2011","19","Charles City County","844"," ","844"
"2010-2011","20","Charlotte County","2,125"," ","2,125"
"2010-2011","104","Charlottesville City","4,030"," ","4,030"
"2010-2011","136","Chesapeake City","39,748","15","39,763"
"2010-2011","21","Chesterfield County","59,243","46","59,289"
"2010-2011","22","Clarke County","2,082","8","2,090"
"2010-2011","202","Colonial Beach","590"," ","590"
"2010-2011","106","Colonial Heights City","2,927","1","2,928"
"2010-2011","107","Covington City","980"," ","980"
"2010-2011","23","Craig County","718"," ","718"
"2010-2011","24","Culpeper County","7,710","11","7,721"
"2010-2011","25","Cumberland County","1,503"," ","1,503"
"2010-2011","108","Danville City","6,416"," ","6,416"
"2010-2011","26","Dickenson County","2,521"," ","2,521"
"2010-2011","27","Dinwiddie County","4,570"," ","4,570"
"2010-2011","28","Essex County","1,634"," ","1,634"
"2010-2011","29","Fairfax County","174,479","8","174,487"
"2010-2011","109","Falls Church City","2,084","1","2,085"
"2010-2011","30","Fauquier County","11,286","4","11,290"
"2010-2011","31","Floyd County","2,071","2","2,073"
"2010-2011","32","Fluvanna County","3,773","2","3,775"
"2010-2011","135","Franklin City","1,283"," ","1,283"
"2010-2011","33","Franklin County","7,408"," ","7,408"
"2010-2011","34","Frederick County","13,143","2","13,145"
"2010-2011","110","Fredericksburg City","3,220"," ","3,220"
"2010-2011","111","Galax City","1,314"," ","1,314"
"2010-2011","35","Giles County","2,507"," ","2,507"
"2010-2011","36","Gloucester County","6,015"," ","6,015"
"2010-2011","37","Goochland County","2,481","1","2,482"
"2010-2011","38","Grayson County","1,950"," ","1,950"
"2010-2011","39","Greene County","2,882","1","2,883"
"2010-2011","40","Greensville County","2,669"," ","2,669"
"2010-2011","41","Halifax County","5,910"," ","5,910"
"2010-2011","112","Hampton City","21,568"," ","21,568"
"2010-2011","42","Hanover County","18,628","1","18,629"
"2010-2011","113","Harrisonburg City","4,822"," ","4,822"
"2010-2011","43","Henrico County","49,405"," ","49,405"
"2010-2011","44","Henry County","7,491"," ","7,491"
"2010-2011","45","Highland County","238"," ","238"
"2010-2011","114","Hopewell City","4,235"," ","4,235"
"2010-2011","46","Isle of Wight County","5,515"," ","5,515"
"2010-2011","48","King George County","4,223","1","4,224"
"2010-2011","50","King William County","2,239"," ","2,239"
"2010-2011","49","King and Queen County","781"," ","781"
"2010-2011","51","Lancaster County","1,321"," ","1,321"
"2010-2011","52","Lee County","3,597"," ","3,597"
"2010-2011","137","Lexington City","488"," ","488"
"2010-2011","53","Loudoun County","63,142","33","63,175"
"2010-2011","54","Louisa County","4,731"," ","4,731"
"2010-2011","55","Lunenburg County","1,653"," ","1,653"
"2010-2011","115","Lynchburg City","8,646"," ","8,646"
"2010-2011","56","Madison County","1,849","1","1,850"
"2010-2011","143","Manassas City","6,986"," ","6,986"
"2010-2011","144","Manassas Park City","2,957"," ","2,957"
"2010-2011","116","Martinsville City","2,379"," ","2,379"
"2010-2011","57","Mathews County","1,212"," ","1,212"
"2010-2011","58","Mecklenburg County","4,816"," ","4,816"
"2010-2011","59","Middlesex County","1,191"," ","1,191"
"2010-2011","60","Montgomery County","9,553"," ","9,553"
"2010-2011","62","Nelson County","1,966"," ","1,966"
"2010-2011","63","New Kent County","2,888"," ","2,888"
"2010-2011","117","Newport News City","30,488"," ","30,488"
"2010-2011","118","Norfolk City","33,787"," ","33,787"
"2010-2011","65","Northampton County","1,800"," ","1,800"
"2010-2011","66","Northumberland County","1,474"," ","1,474"
"2010-2011","119","Norton City","876"," ","876"
"2010-2011","67","Nottoway County","2,347"," ","2,347"
"2010-2011","68","Orange County","5,237","1","5,238"
"2010-2011","69","Page County","3,697"," ","3,697"
"2010-2011","70","Patrick County","2,581"," ","2,581"
"2010-2011","120","Petersburg City","4,557"," ","4,557"
"2010-2011","71","Pittsylvania County","9,258"," ","9,258"
"2010-2011","142","Poquoson City","2,324","20","2,344"
"2010-2011","121","Portsmouth City","15,126"," ","15,126"
"2010-2011","72","Powhatan County","4,476","4","4,480"
"2010-2011","73","Prince Edward County","2,551"," ","2,551"
"2010-2011","74","Prince George County","6,357"," ","6,357"
"2010-2011","75","Prince William County","79,358","21","79,379"
"2010-2011","77","Pulaski County","4,685"," ","4,685"
"2010-2011","122","Radford City","1,567"," ","1,567"
"2010-2011","78","Rappahannock County","928"," ","928"
"2010-2011","123","Richmond City","23,454"," ","23,454"
"2010-2011","79","Richmond County","1,214"," ","1,214"
"2010-2011","124","Roanoke City","13,039","1","13,040"
"2010-2011","80","Roanoke County","14,622"," ","14,622"
"2010-2011","81","Rockbridge County","2,798"," ","2,798"
"2010-2011","82","Rockingham County","11,921","23","11,944"
"2010-2011","83","Russell County","4,333"," ","4,333"
"2010-2011","139","Salem City","3,932"," ","3,932"
"2010-2011","84","Scott County","3,970"," ","3,970"
"2010-2011","85","Shenandoah County","6,201","7","6,208"
"2010-2011","86","Smyth County","4,855"," ","4,855"
"2010-2011","87","Southampton County","2,887"," ","2,887"
"2010-2011","88","Spotsylvania County","23,585","63","23,648"
"2010-2011","89","Stafford County","27,257","9","27,266"
"2010-2011","126","Staunton City","2,665"," ","2,665"
"2010-2011","127","Suffolk City","14,507"," ","14,507"
"2010-2011","90","Surry County","977"," ","977"
"2010-2011","91","Sussex County","1,201"," ","1,201"
"2010-2011","92","Tazewell County","6,623","2","6,625"
"2010-2011","128","Virginia Beach City","71,185"," ","71,185"
"2010-2011","93","Warren County","5,452","6","5,458"
"2010-2011","94","Washington County","7,411","1","7,412"
"2010-2011","130","Waynesboro City","3,298"," ","3,298"
"2010-2011","207","West Point","771"," ","771"
"2010-2011","95","Westmoreland County","1,741"," ","1,741"
"2010-2011","131","Williamsburg-James City County","10,857"," ","10,857"
"2010-2011","132","Winchester City","3,960","1","3,961"
"2010-2011","96","Wise County","6,655","2","6,657"
"2010-2011","97","Wythe County","4,369","2","4,371"
"2010-2011","98","York County","12,619","1","12,620"
"2011-2012","1","Accomack County","5,132"," ","5,132"
"2011-2012","2","Albemarle County","13,104","9","13,113"
"2011-2012","101","Alexandria City","12,396","118","12,514"
"2011-2012","3","Alleghany County","2,728"," ","2,728"
"2011-2012","4","Amelia County","1,831"," ","1,831"
"2011-2012","5","Amherst County","4,526"," ","4,526"
"2011-2012","6","Appomattox County","2,310"," ","2,310"
"2011-2012","7","Arlington County","21,892","2","21,894"
"2011-2012","8","Augusta County","10,743","1","10,744"
"2011-2012","9","Bath County","674"," ","674"
"2011-2012","10","Bedford County","10,562","1","10,563"
"2011-2012","11","Bland County","866"," ","866"
"2011-2012","12","Botetourt County","5,051","1","5,052"
"2011-2012","102","Bristol City","2,409"," ","2,409"
"2011-2012","13","Brunswick County","2,030"," ","2,030"
"2011-2012","14","Buchanan County","3,310"," ","3,310"
"2011-2012","15","Buckingham County","2,059"," ","2,059"
"2011-2012","103","Buena Vista City","1,241"," ","1,241"
"2011-2012","16","Campbell County","8,371"," ","8,371"
"2011-2012","17","Caroline County","4,317"," ","4,317"
"2011-2012","18","Carroll County","4,348"," ","4,348"
"2011-2012","19","Charles City County","804"," ","804"
"2011-2012","20","Charlotte County","2,096"," ","2,096"
"2011-2012","104","Charlottesville City","4,175"," ","4,175"
"2011-2012","136","Chesapeake City","39,468","16","39,484"
"2011-2012","21","Chesterfield County","59,200","31","59,231"
"2011-2012","22","Clarke County","2,065","19","2,084"
"2011-2012","202","Colonial Beach","616"," ","616"
"2011-2012","106","Colonial Heights City","2,902"," ","2,902"
"2011-2012","107","Covington City","942"," ","942"
"2011-2012","23","Craig County","708"," ","708"
"2011-2012","24","Culpeper County","7,808","4","7,812"
"2011-2012","25","Cumberland County","1,478"," ","1,478"
"2011-2012","108","Danville City","6,330"," ","6,330"
"2011-2012","26","Dickenson County","2,484"," ","2,484"
"2011-2012","27","Dinwiddie County","4,453"," ","4,453"
"2011-2012","28","Essex County","1,627"," ","1,627"
"2011-2012","29","Fairfax County","177,606","8","177,614"
"2011-2012","109","Falls Church City","2,183"," ","2,183"
"2011-2012","30","Fauquier County","11,244"," ","11,244"
"2011-2012","31","Floyd County","2,042"," ","2,042"
"2011-2012","32","Fluvanna County","3,800","1","3,801"
"2011-2012","135","Franklin City","1,271"," ","1,271"
"2011-2012","33","Franklin County","7,500"," ","7,500"
"2011-2012","34","Frederick County","13,137"," ","13,137"
"2011-2012","110","Fredericksburg City","3,270"," ","3,270"
"2011-2012","111","Galax City","1,331"," ","1,331"
"2011-2012","35","Giles County","2,445"," ","2,445"
"2011-2012","36","Gloucester County","5,795"," ","5,795"
"2011-2012","37","Goochland County","2,399"," ","2,399"
"2011-2012","38","Grayson County","1,864"," ","1,864"
"2011-2012","39","Greene County","3,014","6","3,020"
"2011-2012","40","Greensville County","2,612"," ","2,612"
"2011-2012","41","Halifax County","5,840"," ","5,840"
"2011-2012","112","Hampton City","21,588"," ","21,588"
"2011-2012","42","Hanover County","18,531"," ","18,531"
"2011-2012","113","Harrisonburg City","5,051"," ","5,051"
"2011-2012","43","Henrico County","49,654"," ","49,654"
"2011-2012","44","Henry County","7,463"," ","7,463"
"2011-2012","45","Highland County","217"," ","217"
"2011-2012","114","Hopewell City","4,284"," ","4,284"
"2011-2012","46","Isle of Wight County","5,519"," ","5,519"
"2011-2012","48","King George County","4,176","1","4,177"
"2011-2012","50","King William County","2,252"," ","2,252"
"2011-2012","49","King and Queen County","757"," ","757"
"2011-2012","51","Lancaster County","1,300"," ","1,300"
"2011-2012","52","Lee County","3,594"," ","3,594"
"2011-2012","137","Lexington City","521"," ","521"
"2011-2012","53","Loudoun County","65,585","35","65,620"
"2011-2012","54","Louisa County","4,706"," ","4,706"
"2011-2012","55","Lunenburg County","1,637"," ","1,637"
"2011-2012","115","Lynchburg City","8,688"," ","8,688"
"2011-2012","56","Madison County","1,847"," ","1,847"
"2011-2012","143","Manassas City","7,154"," ","7,154"
"2011-2012","144","Manassas Park City","3,019"," ","3,019"
"2011-2012","116","Martinsville City","2,317"," ","2,317"
"2011-2012","57","Mathews County","1,187"," ","1,187"
"2011-2012","58","Mecklenburg County","4,791"," ","4,791"
"2011-2012","59","Middlesex County","1,226","2","1,228"
"2011-2012","60","Montgomery County","9,610"," ","9,610"
"2011-2012","62","Nelson County","1,983","1","1,984"
"2011-2012","63","New Kent County","2,938","1","2,939"
"2011-2012","117","Newport News City","29,948"," ","29,948"
"2011-2012","118","Norfolk City","33,461"," ","33,461"
"2011-2012","65","Northampton County","1,809"," ","1,809"
"2011-2012","66","Northumberland County","1,494"," ","1,494"
"2011-2012","119","Norton City","904"," ","904"
"2011-2012","67","Nottoway County","2,357"," ","2,357"
"2011-2012","68","Orange County","5,239"," ","5,239"
"2011-2012","69","Page County","3,669","2","3,671"
"2011-2012","70","Patrick County","2,570"," ","2,570"
"2011-2012","120","Petersburg City","4,534"," ","4,534"
"2011-2012","71","Pittsylvania County","9,245","2","9,247"
"2011-2012","142","Poquoson City","2,232","23","2,255"
"2011-2012","121","Portsmouth City","15,261"," ","15,261"
"2011-2012","72","Powhatan County","4,436","6","4,442"
"2011-2012","73","Prince Edward County","2,407"," ","2,407"
"2011-2012","74","Prince George County","6,438"," ","6,438"
"2011-2012","75","Prince William County","81,937","18","81,955"
"2011-2012","77","Pulaski County","4,590"," ","4,590"
"2011-2012","122","Radford City","1,573"," ","1,573"
"2011-2012","78","Rappahannock County","898","2","900"
"2011-2012","123","Richmond City","23,336"," ","23,336"
"2011-2012","79","Richmond County","1,177"," ","1,177"
"2011-2012","124","Roanoke City","13,094","10","13,104"
"2011-2012","80","Roanoke County","14,454"," ","14,454"
"2011-2012","81","Rockbridge County","2,796"," ","2,796"
"2011-2012","82","Rockingham County","11,802","16","11,818"
"2011-2012","83","Russell County","4,430"," ","4,430"
"2011-2012","139","Salem City","3,916"," ","3,916"
"2011-2012","84","Scott County","3,922"," ","3,922"
"2011-2012","85","Shenandoah County","6,177","6","6,183"
"2011-2012","86","Smyth County","4,810"," ","4,810"
"2011-2012","87","Southampton County","2,880"," ","2,880"
"2011-2012","88","Spotsylvania County","23,817"," ","23,817"
"2011-2012","89","Stafford County","27,333","17","27,350"
"2011-2012","126","Staunton City","2,681"," ","2,681"
"2011-2012","127","Suffolk City","14,420"," ","14,420"
"2011-2012","90","Surry County","928"," ","928"
"2011-2012","91","Sussex County","1,153"," ","1,153"
"2011-2012","92","Tazewell County","6,552","1","6,553"
"2011-2012","128","Virginia Beach City","70,978"," ","70,978"
"2011-2012","93","Warren County","5,442","5","5,447"
"2011-2012","94","Washington County","7,383","3","7,386"
"2011-2012","130","Waynesboro City","3,274"," ","3,274"
"2011-2012","207","West Point","762"," ","762"
"2011-2012","95","Westmoreland County","1,726"," ","1,726"
"2011-2012","131","Williamsburg-James City County","10,975"," ","10,975"
"2011-2012","132","Winchester City","4,103","2","4,105"
"2011-2012","96","Wise County","6,246","3","6,249"
"2011-2012","97","Wythe County","4,401","2","4,403"
"2011-2012","98","York County","12,547"," ","12,547"
"2012-2013","1","Accomack County","5,131"," ","5,131"
"2012-2013","2","Albemarle County","13,263","14","13,277"
"2012-2013","101","Alexandria City","13,105","141","13,246"
"2012-2013","3","Alleghany County","2,634"," ","2,634"
"2012-2013","4","Amelia County","1,786"," ","1,786"
"2012-2013","5","Amherst County","4,442"," ","4,442"
"2012-2013","6","Appomattox County","2,294"," ","2,294"
"2012-2013","7","Arlington County","22,543","1","22,544"
"2012-2013","8","Augusta County","10,755"," ","10,755"
"2012-2013","9","Bath County","647"," ","647"
"2012-2013","10","Bedford County","10,513"," ","10,513"
"2012-2013","11","Bland County","891"," ","891"
"2012-2013","12","Botetourt County","4,962"," ","4,962"
"2012-2013","102","Bristol City","2,360"," ","2,360"
"2012-2013","13","Brunswick County","1,976"," ","1,976"
"2012-2013","14","Buchanan County","3,281"," ","3,281"
"2012-2013","15","Buckingham County","2,121"," ","2,121"
"2012-2013","103","Buena Vista City","1,057"," ","1,057"
"2012-2013","16","Campbell County","8,391","1","8,392"
"2012-2013","17","Caroline County","4,340"," ","4,340"
"2012-2013","18","Carroll County","4,355"," ","4,355"
"2012-2013","19","Charles City County","768"," ","768"
"2012-2013","20","Charlotte County","2,050"," ","2,050"
"2012-2013","104","Charlottesville City","4,236"," ","4,236"
"2012-2013","136","Chesapeake City","39,630","14","39,644"
"2012-2013","21","Chesterfield County","58,859","27","58,886"
"2012-2013","22","Clarke County","2,062","11","2,073"
"2012-2013","202","Colonial Beach","644"," ","644"
"2012-2013","106","Colonial Heights City","2,831"," ","2,831"
"2012-2013","107","Covington City","982"," ","982"
"2012-2013","23","Craig County","694"," ","694"
"2012-2013","24","Culpeper County","7,854","11","7,865"
"2012-2013","25","Cumberland County","1,419"," ","1,419"
"2012-2013","108","Danville City","6,362"," ","6,362"
"2012-2013","26","Dickenson County","2,394"," ","2,394"
"2012-2013","27","Dinwiddie County","4,447"," ","4,447"
"2012-2013","28","Essex County","1,598"," ","1,598"
"2012-2013","29","Fairfax County","180,616","13","180,629"
"2012-2013","109","Falls Church City","2,274"," ","2,274"
"2012-2013","30","Fauquier County","11,065","2","11,067"
"2012-2013","31","Floyd County","2,034"," ","2,034"
"2012-2013","32","Fluvanna County","3,775","1","3,776"
"2012-2013","135","Franklin City","1,266"," ","1,266"
"2012-2013","33","Franklin County","7,520"," ","7,520"
"2012-2013","34","Frederick County","13,163"," ","13,163"
"2012-2013","110","Fredericksburg City","3,359"," ","3,359"
"2012-2013","111","Galax City","1,322"," ","1,322"
"2012-2013","35","Giles County","2,448"," ","2,448"
"2012-2013","36","Gloucester County","5,632"," ","5,632"
"2012-2013","37","Goochland County","2,351"," ","2,351"
"2012-2013","38","Grayson County","1,853"," ","1,853"
"2012-2013","39","Greene County","3,003","7","3,010"
"2012-2013","40","Greensville County","2,551"," ","2,551"
"2012-2013","41","Halifax County","5,709"," ","5,709"
"2012-2013","112","Hampton City","21,350","2","21,352"
"2012-2013","42","Hanover County","18,370"," ","18,370"
"2012-2013","113","Harrisonburg City","5,211","1","5,212"
"2012-2013","43","Henrico County","50,083"," ","50,083"
"2012-2013","44","Henry County","7,465"," ","7,465"
"2012-2013","45","Highland County","205"," ","205"
"2012-2013","114","Hopewell City","4,208"," ","4,208"
"2012-2013","46","Isle of Wight County","5,566"," ","5,566"
"2012-2013","48","King George County","4,258","1","4,259"
"2012-2013","50","King William County","2,217"," ","2,217"
"2012-2013","49","King and Queen County","908"," ","908"
"2012-2013","51","Lancaster County","1,332"," ","1,332"
"2012-2013","52","Lee County","3,418"," ","3,418"
"2012-2013","137","Lexington City","532"," ","532"
"2012-2013","53","Loudoun County","68,205","24","68,229"
"2012-2013","54","Louisa County","4,732"," ","4,732"
"2012-2013","55","Lunenburg County","1,580"," ","1,580"
"2012-2013","115","Lynchburg City","8,576"," ","8,576"
"2012-2013","56","Madison County","1,893"," ","1,893"
"2012-2013","143","Manassas City","7,276"," ","7,276"
"2012-2013","144","Manassas Park City","3,123"," ","3,123"
"2012-2013","116","Martinsville City","2,271"," ","2,271"
"2012-2013","57","Mathews County","1,183"," ","1,183"
"2012-2013","58","Mecklenburg County","4,678"," ","4,678"
"2012-2013","59","Middlesex County","1,182","3","1,185"
"2012-2013","60","Montgomery County","9,742"," ","9,742"
"2012-2013","62","Nelson County","1,992","1","1,993"
"2012-2013","63","New Kent County","3,001"," ","3,001"
"2012-2013","117","Newport News City","29,786"," ","29,786"
"2012-2013","118","Norfolk City","32,862"," ","32,862"
"2012-2013","65","Northampton County","1,721"," ","1,721"
"2012-2013","66","Northumberland County","1,473"," ","1,473"
"2012-2013","119","Norton City","891"," ","891"
"2012-2013","67","Nottoway County","2,351"," ","2,351"
"2012-2013","68","Orange County","5,186","3","5,189"
"2012-2013","69","Page County","3,624"," ","3,624"
"2012-2013","70","Patrick County","2,645","1","2,646"
"2012-2013","120","Petersburg City","4,434"," ","4,434"
"2012-2013","71","Pittsylvania County","9,311"," ","9,311"
"2012-2013","142","Poquoson City","2,175","23","2,198"
"2012-2013","121","Portsmouth City","15,256"," ","15,256"
"2012-2013","72","Powhatan County","4,321","4","4,325"
"2012-2013","73","Prince Edward County","2,320"," ","2,320"
"2012-2013","74","Prince George County","6,425"," ","6,425"
"2012-2013","75","Prince William County","83,865","12","83,877"
"2012-2013","77","Pulaski County","4,520"," ","4,520"
"2012-2013","122","Radford City","1,570"," ","1,570"
"2012-2013","78","Rappahannock County","916"," ","916"
"2012-2013","123","Richmond City","23,649"," ","23,649"
"2012-2013","79","Richmond County","1,171"," ","1,171"
"2012-2013","124","Roanoke City","13,322","24","13,346"
"2012-2013","80","Roanoke County","14,369"," ","14,369"
"2012-2013","81","Rockbridge County","2,815","1","2,816"
"2012-2013","82","Rockingham County","11,787","13","11,800"
"2012-2013","83","Russell County","4,410"," ","4,410"
"2012-2013","139","Salem City","3,850"," ","3,850"
"2012-2013","84","Scott County","3,917"," ","3,917"
"2012-2013","85","Shenandoah County","6,170","7","6,177"
"2012-2013","86","Smyth County","4,845"," ","4,845"
"2012-2013","87","Southampton County","2,890"," ","2,890"
"2012-2013","88","Spotsylvania County","23,768"," ","23,768"
"2012-2013","89","Stafford County","27,463","12","27,475"
"2012-2013","126","Staunton City","2,694"," ","2,694"
"2012-2013","127","Suffolk City","14,421"," ","14,421"
"2012-2013","90","Surry County","902"," ","902"
"2012-2013","91","Sussex County","1,139"," ","1,139"
"2012-2013","92","Tazewell County","6,464"," ","6,464"
"2012-2013","128","Virginia Beach City","70,259"," ","70,259"
"2012-2013","93","Warren County","5,498","9","5,507"
"2012-2013","94","Washington County","7,383","3","7,386"
"2012-2013","130","Waynesboro City","3,248","8","3,256"
"2012-2013","207","West Point","768"," ","768"
"2012-2013","95","Westmoreland County","1,690"," ","1,690"
"2012-2013","131","Williamsburg-James City County","11,024"," ","11,024"
"2012-2013","132","Winchester City","4,230"," ","4,230"
"2012-2013","96","Wise County","6,110"," ","6,110"
"2012-2013","97","Wythe County","4,376","2","4,378"
"2012-2013","98","York County","12,421"," ","12,421"
"2013-2014","1","Accomack County","5,247"," ","5,247"
"2013-2014","2","Albemarle County","13,420","12","13,432"
"2013-2014","101","Alexandria City","13,622","101","13,723"
"2013-2014","3","Alleghany County","2,474"," ","2,474"
"2013-2014","4","Amelia County","1,793"," ","1,793"
"2013-2014","5","Amherst County","4,291"," ","4,291"
"2013-2014","6","Appomattox County","2,345"," ","2,345"
"2013-2014","7","Arlington County","23,499","1","23,500"
"2013-2014","8","Augusta County","10,667","2","10,669"
"2013-2014","9","Bath County","636"," ","636"
"2013-2014","10","Bedford County","10,302","2","10,304"
"2013-2014","11","Bland County","858"," ","858"
"2013-2014","12","Botetourt County","4,856"," ","4,856"
"2013-2014","102","Bristol City","2,329"," ","2,329"
"2013-2014","13","Brunswick County","1,921"," ","1,921"
"2013-2014","14","Buchanan County","3,201"," ","3,201"
"2013-2014","15","Buckingham County","2,160"," ","2,160"
"2013-2014","103","Buena Vista City","1,069"," ","1,069"
"2013-2014","16","Campbell County","8,338"," ","8,338"
"2013-2014","17","Caroline County","4,386"," ","4,386"
"2013-2014","18","Carroll County","4,016"," ","4,016"
"2013-2014","19","Charles City County","737"," ","737"
"2013-2014","20","Charlotte County","2,004"," ","2,004"
"2013-2014","104","Charlottesville City","4,340"," ","4,340"
"2013-2014","136","Chesapeake City","39,737","13","39,750"
"2013-2014","21","Chesterfield County","59,186","28","59,214"
"2013-2014","22","Clarke County","2,006","13","2,019"
"2013-2014","202","Colonial Beach","592"," ","592"
"2013-2014","106","Colonial Heights City","2,812"," ","2,812"
"2013-2014","107","Covington City","979"," ","979"
"2013-2014","23","Craig County","700"," ","700"
"2013-2014","24","Culpeper County","8,080","3","8,083"
"2013-2014","25","Cumberland County","1,435","1","1,436"
"2013-2014","108","Danville City","6,314"," ","6,314"
"2013-2014","26","Dickenson County","2,344"," ","2,344"
"2013-2014","27","Dinwiddie County","4,418"," ","4,418"
"2013-2014","28","Essex County","1,553"," ","1,553"
"2013-2014","29","Fairfax County","183,417","16","183,433"
"2013-2014","109","Falls Church City","2,426"," ","2,426"
"2013-2014","30","Fauquier County","11,145"," ","11,145"
"2013-2014","31","Floyd County","2,095"," ","2,095"
"2013-2014","32","Fluvanna County","3,689","1","3,690"
"2013-2014","135","Franklin City","1,266"," ","1,266"
"2013-2014","33","Franklin County","7,400"," ","7,400"
"2013-2014","34","Frederick County","13,144"," ","13,144"
"2013-2014","110","Fredericksburg City","3,457"," ","3,457"
"2013-2014","111","Galax City","1,338"," ","1,338"
"2013-2014","35","Giles County","2,455"," ","2,455"
"2013-2014","36","Gloucester County","5,639"," ","5,639"
"2013-2014","37","Goochland County","2,451"," ","2,451"
"2013-2014","38","Grayson County","1,812"," ","1,812"
"2013-2014","39","Greene County","3,099","2","3,101"
"2013-2014","40","Greensville County","2,591"," ","2,591"
"2013-2014","41","Halifax County","5,576","3","5,579"
"2013-2014","112","Hampton City","21,157"," ","21,157"
"2013-2014","42","Hanover County","18,264"," ","18,264"
"2013-2014","113","Harrisonburg City","5,390","2","5,392"
"2013-2014","43","Henrico County","50,569"," ","50,569"
"2013-2014","44","Henry County","7,387"," ","7,387"
"2013-2014","45","Highland County","209"," ","209"
"2013-2014","114","Hopewell City","4,330"," ","4,330"
"2013-2014","46","Isle of Wight County","5,507"," ","5,507"
"2013-2014","48","King George County","4,326"," ","4,326"
"2013-2014","50","King William County","2,246"," ","2,246"
"2013-2014","49","King and Queen County","824"," ","824"
"2013-2014","51","Lancaster County","1,257"," ","1,257"
"2013-2014","52","Lee County","3,401"," ","3,401"
"2013-2014","137","Lexington City","519"," ","519"
"2013-2014","53","Loudoun County","70,759","47","70,806"
"2013-2014","54","Louisa County","4,794"," ","4,794"
"2013-2014","55","Lunenburg County","1,574"," ","1,574"
"2013-2014","115","Lynchburg City","8,583"," ","8,583"
"2013-2014","56","Madison County","1,879"," ","1,879"
"2013-2014","143","Manassas City","7,242"," ","7,242"
"2013-2014","144","Manassas Park City","3,216"," ","3,216"
"2013-2014","116","Martinsville City","2,259"," ","2,259"
"2013-2014","57","Mathews County","1,158"," ","1,158"
"2013-2014","58","Mecklenburg County","4,634"," ","4,634"
"2013-2014","59","Middlesex County","1,219","2","1,221"
"2013-2014","60","Montgomery County","9,723"," ","9,723"
"2013-2014","62","Nelson County","1,971","1","1,972"
"2013-2014","63","New Kent County","2,977"," ","2,977"
"2013-2014","117","Newport News City","29,777"," ","29,777"
"2013-2014","118","Norfolk City","32,597"," ","32,597"
"2013-2014","65","Northampton County","1,685"," ","1,685"
"2013-2014","66","Northumberland County","1,429"," ","1,429"
"2013-2014","119","Norton City","841"," ","841"
"2013-2014","67","Nottoway County","2,329"," ","2,329"
"2013-2014","68","Orange County","5,181","2","5,183"
"2013-2014","69","Page County","3,541"," ","3,541"
"2013-2014","70","Patrick County","2,772"," ","2,772"
"2013-2014","120","Petersburg City","4,466"," ","4,466"
"2013-2014","71","Pittsylvania County","9,293"," ","9,293"
"2013-2014","142","Poquoson City","2,123","19","2,142"
"2013-2014","121","Portsmouth City","14,970"," ","14,970"
"2013-2014","72","Powhatan County","4,261","3","4,264"
"2013-2014","73","Prince Edward County","2,282"," ","2,282"
"2013-2014","74","Prince George County","6,385"," ","6,385"
"2013-2014","75","Prince William County","85,451","24","85,475"
"2013-2014","77","Pulaski County","4,470"," ","4,470"
"2013-2014","122","Radford City","1,612"," ","1,612"
"2013-2014","78","Rappahannock County","908"," ","908"
"2013-2014","123","Richmond City","23,775"," ","23,775"
"2013-2014","79","Richmond County","1,233"," ","1,233"
"2013-2014","124","Roanoke City","13,534"," ","13,534"
"2013-2014","80","Roanoke County","14,333"," ","14,333"
"2013-2014","81","Rockbridge County","2,840","1","2,841"
"2013-2014","82","Rockingham County","11,883","9","11,892"
"2013-2014","83","Russell County","4,183"," ","4,183"
"2013-2014","139","Salem City","3,839"," ","3,839"
"2013-2014","84","Scott County","3,815"," ","3,815"
"2013-2014","85","Shenandoah County","6,202"," ","6,202"
"2013-2014","86","Smyth County","4,787"," ","4,787"
"2013-2014","87","Southampton County","2,863"," ","2,863"
"2013-2014","88","Spotsylvania County","23,838"," ","23,838"
"2013-2014","89","Stafford County","27,461"," ","27,461"
"2013-2014","126","Staunton City","2,712"," ","2,712"
"2013-2014","127","Suffolk City","14,476"," ","14,476"
"2013-2014","90","Surry County","934"," ","934"
"2013-2014","91","Sussex County","1,112"," ","1,112"
"2013-2014","92","Tazewell County","6,345","1","6,346"
"2013-2014","128","Virginia Beach City","70,556"," ","70,556"
"2013-2014","93","Warren County","5,477","7","5,484"
"2013-2014","94","Washington County","7,418","2","7,420"
"2013-2014","130","Waynesboro City","3,178","1","3,179"
"2013-2014","207","West Point","793"," ","793"
"2013-2014","95","Westmoreland County","1,698"," ","1,698"
"2013-2014","131","Williamsburg-James City County","11,285"," ","11,285"
"2013-2014","132","Winchester City","4,240"," ","4,240"
"2013-2014","96","Wise County","6,192"," ","6,192"
"2013-2014","97","Wythe County","4,323"," ","4,323"
"2013-2014","98","York County","12,471","3","12,474"
"2014-2015","1","Accomack County","5,255"," ","5,255"
"2014-2015","2","Albemarle County","13,680","9","13,689"
"2014-2015","101","Alexandria City","14,216","143","14,359"
"2014-2015","3","Alleghany County","2,330"," ","2,330"
"2014-2015","4","Amelia County","1,810"," ","1,810"
"2014-2015","5","Amherst County","4,268"," ","4,268"
"2014-2015","6","Appomattox County","2,305"," ","2,305"
"2014-2015","7","Arlington County","24,559","2","24,561"
"2014-2015","8","Augusta County","10,522","2","10,524"
"2014-2015","9","Bath County","612"," ","612"
"2014-2015","10","Bedford County","10,097","2","10,099"
"2014-2015","11","Bland County","830"," ","830"
"2014-2015","12","Botetourt County","4,863","3","4,866"
"2014-2015","102","Bristol City","2,303"," ","2,303"
"2014-2015","13","Brunswick County","1,857"," ","1,857"
"2014-2015","14","Buchanan County","3,126"," ","3,126"
"2014-2015","15","Buckingham County","2,147"," ","2,147"
"2014-2015","103","Buena Vista City","1,055"," ","1,055"
"2014-2015","16","Campbell County","8,138"," ","8,138"
"2014-2015","17","Caroline County","4,357"," ","4,357"
"2014-2015","18","Carroll County","3,890"," ","3,890"
"2014-2015","19","Charles City County","710"," ","710"
"2014-2015","20","Charlotte County","1,968","3","1,971"
"2014-2015","104","Charlottesville City","4,356"," ","4,356"
"2014-2015","136","Chesapeake City","39,707","8","39,715"
"2014-2015","21","Chesterfield County","59,725","29","59,754"
"2014-2015","22","Clarke County","1,995","13","2,008"
"2014-2015","202","Colonial Beach","553"," ","553"
"2014-2015","106","Colonial Heights City","2,826"," ","2,826"
"2014-2015","107","Covington City","1,002"," ","1,002"
"2014-2015","23","Craig County","646"," ","646"
"2014-2015","24","Culpeper County","8,074","5","8,079"
"2014-2015","25","Cumberland County","1,431"," ","1,431"
"2014-2015","108","Danville City","6,315"," ","6,315"
"2014-2015","26","Dickenson County","2,346"," ","2,346"
"2014-2015","27","Dinwiddie County","4,444"," ","4,444"
"2014-2015","28","Essex County","1,526"," ","1,526"
"2014-2015","29","Fairfax County","185,538","22","185,560"
"2014-2015","109","Falls Church City","2,465"," ","2,465"
"2014-2015","30","Fauquier County","11,165"," ","11,165"
"2014-2015","31","Floyd County","1,990"," ","1,990"
"2014-2015","32","Fluvanna County","3,627","2","3,629"
"2014-2015","135","Franklin City","1,201"," ","1,201"
"2014-2015","33","Franklin County","7,481"," ","7,481"
"2014-2015","34","Frederick County","13,181"," ","13,181"
"2014-2015","110","Fredericksburg City","3,466"," ","3,466"
"2014-2015","111","Galax City","1,387"," ","1,387"
"2014-2015","35","Giles County","2,423","1","2,424"
"2014-2015","36","Gloucester County","5,529"," ","5,529"
"2014-2015","37","Goochland County","2,438"," ","2,438"
"2014-2015","38","Grayson County","1,769"," ","1,769"
"2014-2015","39","Greene County","3,185","3","3,188"
"2014-2015","40","Greensville County","2,534"," ","2,534"
"2014-2015","41","Halifax County","5,525"," ","5,525"
"2014-2015","112","Hampton City","20,796","2","20,798"
"2014-2015","42","Hanover County","18,041"," ","18,041"
"2014-2015","113","Harrisonburg City","5,633","2","5,635"
"2014-2015","43","Henrico County","50,971","1","50,972"
"2014-2015","44","Henry County","7,428"," ","7,428"
"2014-2015","45","Highland County","200"," ","200"
"2014-2015","114","Hopewell City","4,352"," ","4,352"
"2014-2015","46","Isle of Wight County","5,579","1","5,580"
"2014-2015","48","King George County","4,384"," ","4,384"
"2014-2015","50","King William County","2,218"," ","2,218"
"2014-2015","49","King and Queen County","891"," ","891"
"2014-2015","51","Lancaster County","1,220"," ","1,220"
"2014-2015","52","Lee County","3,280"," ","3,280"
"2014-2015","137","Lexington City","495"," ","495"
"2014-2015","53","Loudoun County","73,394","20","73,414"
"2014-2015","54","Louisa County","4,844"," ","4,844"
"2014-2015","55","Lunenburg County","1,593"," ","1,593"
"2014-2015","115","Lynchburg City","8,577"," ","8,577"
"2014-2015","56","Madison County","1,865"," ","1,865"
"2014-2015","143","Manassas City","7,476"," ","7,476"
"2014-2015","144","Manassas Park City","3,359"," ","3,359"
"2014-2015","116","Martinsville City","2,300"," ","2,300"
"2014-2015","57","Mathews County","1,140"," ","1,140"
"2014-2015","58","Mecklenburg County","4,584"," ","4,584"
"2014-2015","59","Middlesex County","1,266","2","1,268"
"2014-2015","60","Montgomery County","9,703"," ","9,703"
"2014-2015","62","Nelson County","1,933"," ","1,933"
"2014-2015","63","New Kent County","3,027"," ","3,027"
"2014-2015","117","Newport News City","29,547"," ","29,547"
"2014-2015","118","Norfolk City","32,275"," ","32,275"
"2014-2015","65","Northampton County","1,651"," ","1,651"
"2014-2015","66","Northumberland County","1,421"," ","1,421"
"2014-2015","119","Norton City","839"," ","839"
"2014-2015","67","Nottoway County","2,318"," ","2,318"
"2014-2015","68","Orange County","5,222","1","5,223"
"2014-2015","69","Page County","3,506","1","3,507"
"2014-2015","70","Patrick County","2,905"," ","2,905"
"2014-2015","120","Petersburg City","4,318"," ","4,318"
"2014-2015","71","Pittsylvania County","9,299"," ","9,299"
"2014-2015","142","Poquoson City","2,095","16","2,111"
"2014-2015","121","Portsmouth City","15,080"," ","15,080"
"2014-2015","72","Powhatan County","4,217","13","4,230"
"2014-2015","73","Prince Edward County","2,189"," ","2,189"
"2014-2015","74","Prince George County","6,459"," ","6,459"
"2014-2015","75","Prince William County","86,641","23","86,664"
"2014-2015","77","Pulaski County","4,430"," ","4,430"
"2014-2015","122","Radford City","1,664"," ","1,664"
"2014-2015","78","Rappahannock County","919"," ","919"
"2014-2015","123","Richmond City","23,957"," ","23,957"
"2014-2015","79","Richmond County","1,225"," ","1,225"
"2014-2015","124","Roanoke City","13,649"," ","13,649"
"2014-2015","80","Roanoke County","14,384"," ","14,384"
"2014-2015","81","Rockbridge County","2,824"," ","2,824"
"2014-2015","82","Rockingham County","11,867","17","11,884"
"2014-2015","83","Russell County","4,177"," ","4,177"
"2014-2015","139","Salem City","3,865"," ","3,865"
"2014-2015","84","Scott County","3,783"," ","3,783"
"2014-2015","85","Shenandoah County","6,195"," ","6,195"
"2014-2015","86","Smyth County","4,682"," ","4,682"
"2014-2015","87","Southampton County","2,770"," ","2,770"
"2014-2015","88","Spotsylvania County","23,887"," ","23,887"
"2014-2015","89","Stafford County","27,573","234","27,807"
"2014-2015","126","Staunton City","2,734"," ","2,734"
"2014-2015","127","Suffolk City","14,365"," ","14,365"
"2014-2015","90","Surry County","867"," ","867"
"2014-2015","91","Sussex County","1,110"," ","1,110"
"2014-2015","92","Tazewell County","6,221","3","6,224"
"2014-2015","128","Virginia Beach City","70,121"," ","70,121"
"2014-2015","93","Warren County","5,398","4","5,402"
"2014-2015","94","Washington County","7,330"," ","7,330"
"2014-2015","130","Waynesboro City","3,230","2","3,232"
"2014-2015","207","West Point","786"," ","786"
"2014-2015","95","Westmoreland County","1,709"," ","1,709"
"2014-2015","131","Williamsburg-James City County","11,389"," ","11,389"
"2014-2015","132","Winchester City","4,269"," ","4,269"
"2014-2015","96","Wise County","6,111"," ","6,111"
"2014-2015","97","Wythe County","4,308","1","4,309"
"2014-2015","98","York County","12,695","7","12,702"
"2015-2016","1","Accomack County","5,320"," ","5,320"
"2015-2016","2","Albemarle County","13,767","5","13,772"
"2015-2016","101","Alexandria City","14,729","128","14,857"
"2015-2016","3","Alleghany County","2,258"," ","2,258"
"2015-2016","4","Amelia County","1,827"," ","1,827"
"2015-2016","5","Amherst County","4,210"," ","4,210"
"2015-2016","6","Appomattox County","2,294"," ","2,294"
"2015-2016","7","Arlington County","25,364","1","25,365"
"2015-2016","8","Augusta County","10,472","2","10,474"
"2015-2016","9","Bath County","574"," ","574"
"2015-2016","10","Bedford County","9,873","4","9,877"
"2015-2016","11","Bland County","810"," ","810"
"2015-2016","12","Botetourt County","4,757","1","4,758"
"2015-2016","102","Bristol City","2,289"," ","2,289"
"2015-2016","13","Brunswick County","1,759"," ","1,759"
"2015-2016","14","Buchanan County","3,004"," ","3,004"
"2015-2016","15","Buckingham County","2,062"," ","2,062"
"2015-2016","103","Buena Vista City","1,012"," ","1,012"
"2015-2016","16","Campbell County","7,939"," ","7,939"
"2015-2016","17","Caroline County","4,330"," ","4,330"
"2015-2016","18","Carroll County","3,902"," ","3,902"
"2015-2016","19","Charles City County","719"," ","719"
"2015-2016","20","Charlotte County","1,941"," ","1,941"
"2015-2016","104","Charlottesville City","4,377","5","4,382"
"2015-2016","136","Chesapeake City","39,943","1","39,944"
"2015-2016","21","Chesterfield County","59,659","46","59,705"
"2015-2016","22","Clarke County","2,004","5","2,009"
"2015-2016","202","Colonial Beach","608"," ","608"
"2015-2016","106","Colonial Heights City","2,795"," ","2,795"
"2015-2016","107","Covington City","1,021"," ","1,021"
"2015-2016","23","Craig County","623"," ","623"
"2015-2016","24","Culpeper County","8,131","4","8,135"
"2015-2016","25","Cumberland County","1,399"," ","1,399"
"2015-2016","108","Danville City","6,249"," ","6,249"
"2015-2016","26","Dickenson County","2,318"," ","2,318"
"2015-2016","27","Dinwiddie County","4,418"," ","4,418"
"2015-2016","28","Essex County","1,489"," ","1,489"
"2015-2016","29","Fairfax County","185,828","25","185,853"
"2015-2016","109","Falls Church City","2,518","1","2,519"
"2015-2016","30","Fauquier County","11,150"," ","11,150"
"2015-2016","31","Floyd County","2,076","1","2,077"
"2015-2016","32","Fluvanna County","3,554","1","3,555"
"2015-2016","135","Franklin City","1,132"," ","1,132"
"2015-2016","33","Franklin County","7,341"," ","7,341"
"2015-2016","34","Frederick County","13,203"," ","13,203"
"2015-2016","110","Fredericksburg City","3,532"," ","3,532"
"2015-2016","111","Galax City","1,390"," ","1,390"
"2015-2016","35","Giles County","2,408","2","2,410"
"2015-2016","36","Gloucester County","5,557"," ","5,557"
"2015-2016","37","Goochland County","2,567"," ","2,567"
"2015-2016","38","Grayson County","1,684"," ","1,684"
"2015-2016","39","Greene County","3,192","4","3,196"
"2015-2016","40","Greensville County","2,573"," ","2,573"
"2015-2016","41","Halifax County","5,364","3","5,367"
"2015-2016","112","Hampton City","20,618","2","20,620"
"2015-2016","42","Hanover County","18,061","1","18,062"
"2015-2016","113","Harrisonburg City","5,923","1","5,924"
"2015-2016","43","Henrico County","51,534"," ","51,534"
"2015-2016","44","Henry County","7,415"," ","7,415"
"2015-2016","45","Highland County","207"," ","207"
"2015-2016","114","Hopewell City","4,376"," ","4,376"
"2015-2016","46","Isle of Wight County","5,483"," ","5,483"
"2015-2016","48","King George County","4,382","1","4,383"
"2015-2016","50","King William County","2,246"," ","2,246"
"2015-2016","49","King and Queen County","878"," ","878"
"2015-2016","51","Lancaster County","1,243"," ","1,243"
"2015-2016","52","Lee County","3,297"," ","3,297"
"2015-2016","137","Lexington City","493"," ","493"
"2015-2016","53","Loudoun County","76,202","23","76,225"
"2015-2016","54","Louisa County","4,876"," ","4,876"
"2015-2016","55","Lunenburg County","1,585"," ","1,585"
"2015-2016","115","Lynchburg City","8,566"," ","8,566"
"2015-2016","56","Madison County","1,829"," ","1,829"
"2015-2016","143","Manassas City","7,605"," ","7,605"
"2015-2016","144","Manassas Park City","3,443"," ","3,443"
"2015-2016","116","Martinsville City","2,186"," ","2,186"
"2015-2016","57","Mathews County","1,106"," ","1,106"
"2015-2016","58","Mecklenburg County","4,529"," ","4,529"
"2015-2016","59","Middlesex County","1,232","1","1,233"
"2015-2016","60","Montgomery County","9,775"," ","9,775"
"2015-2016","62","Nelson County","1,959"," ","1,959"
"2015-2016","63","New Kent County","3,042"," ","3,042"
"2015-2016","117","Newport News City","29,197"," ","29,197"
"2015-2016","118","Norfolk City","32,148"," ","32,148"
"2015-2016","65","Northampton County","1,700"," ","1,700"
"2015-2016","66","Northumberland County","1,377"," ","1,377"
"2015-2016","119","Norton City","835"," ","835"
"2015-2016","67","Nottoway County","2,254"," ","2,254"
"2015-2016","68","Orange County","5,137","2","5,139"
"2015-2016","69","Page County","3,459","2","3,461"
"2015-2016","70","Patrick County","2,932"," ","2,932"
"2015-2016","120","Petersburg City","4,282"," ","4,282"
"2015-2016","71","Pittsylvania County","9,239"," ","9,239"
"2015-2016","142","Poquoson City","2,103","16","2,119"
"2015-2016","121","Portsmouth City","14,927"," ","14,927"
"2015-2016","72","Powhatan County","4,270","13","4,283"
"2015-2016","73","Prince Edward County","2,104"," ","2,104"
"2015-2016","74","Prince George County","6,455"," ","6,455"
"2015-2016","75","Prince William County","87,793","30","87,823"
"2015-2016","77","Pulaski County","4,346"," ","4,346"
"2015-2016","122","Radford City","1,661"," ","1,661"
"2015-2016","78","Rappahannock County","894"," ","894"
"2015-2016","123","Richmond City","23,980"," ","23,980"
"2015-2016","79","Richmond County","1,282"," ","1,282"
"2015-2016","124","Roanoke City","13,676","2","13,678"
"2015-2016","80","Roanoke County","14,385"," ","14,385"
"2015-2016","81","Rockbridge County","2,816"," ","2,816"
"2015-2016","82","Rockingham County","11,875","11","11,886"
"2015-2016","83","Russell County","4,062"," ","4,062"
"2015-2016","139","Salem City","3,808"," ","3,808"
"2015-2016","84","Scott County","3,817"," ","3,817"
"2015-2016","85","Shenandoah County","6,072"," ","6,072"
"2015-2016","86","Smyth County","4,594","1","4,595"
"2015-2016","87","Southampton County","2,793"," ","2,793"
"2015-2016","88","Spotsylvania County","23,731"," ","23,731"
"2015-2016","89","Stafford County","27,841","257","28,098"
"2015-2016","126","Staunton City","2,660"," ","2,660"
"2015-2016","127","Suffolk City","14,383"," ","14,383"
"2015-2016","90","Surry County","837"," ","837"
"2015-2016","91","Sussex County","1,066"," ","1,066"
"2015-2016","92","Tazewell County","6,103","2","6,105"
"2015-2016","128","Virginia Beach City","69,777"," ","69,777"
"2015-2016","93","Warren County","5,433","3","5,436"
"2015-2016","94","Washington County","7,346","9","7,355"
"2015-2016","130","Waynesboro City","3,237","3","3,240"
"2015-2016","207","West Point","764"," ","764"
"2015-2016","95","Westmoreland County","1,666"," ","1,666"
"2015-2016","131","Williamsburg-James City County","11,597"," ","11,597"
"2015-2016","132","Winchester City","4,414"," ","4,414"
"2015-2016","96","Wise County","6,024"," ","6,024"
"2015-2016","97","Wythe County","4,237"," ","4,237"
"2015-2016","98","York County","12,699","1","12,700"
"2016-2017","1","Accomack County","5,262"," ","5,262"
"2016-2017","2","Albemarle County","13,790","28","13,818"
"2016-2017","101","Alexandria City","15,301","117","15,418"
"2016-2017","3","Alleghany County","2,244"," ","2,244"
"2016-2017","4","Amelia County","1,808"," ","1,808"
"2016-2017","5","Amherst County","4,139"," ","4,139"
"2016-2017","6","Appomattox County","2,304"," ","2,304"
"2016-2017","7","Arlington County","26,176"," ","26,176"
"2016-2017","8","Augusta County","10,384","2","10,386"
"2016-2017","9","Bath County","562"," ","562"
"2016-2017","10","Bedford County","9,702","5","9,707"
"2016-2017","11","Bland County","771"," ","771"
"2016-2017","12","Botetourt County","4,654"," ","4,654"
"2016-2017","102","Bristol City","2,299"," ","2,299"
"2016-2017","13","Brunswick County","1,720"," ","1,720"
"2016-2017","14","Buchanan County","2,922"," ","2,922"
"2016-2017","15","Buckingham County","2,054"," ","2,054"
"2016-2017","103","Buena Vista City","959"," ","959"
"2016-2017","16","Campbell County","8,020"," ","8,020"
"2016-2017","17","Caroline County","4,299"," ","4,299"
"2016-2017","18","Carroll County","3,836"," ","3,836"
"2016-2017","19","Charles City County","679"," ","679"
"2016-2017","20","Charlotte County","1,924"," ","1,924"
"2016-2017","104","Charlottesville City","4,471","7","4,478"
"2016-2017","136","Chesapeake City","40,192"," ","40,192"
"2016-2017","21","Chesterfield County","60,060","43","60,103"
"2016-2017","22","Clarke County","1,995","2","1,997"
"2016-2017","202","Colonial Beach","597"," ","597"
"2016-2017","106","Colonial Heights City","2,837"," ","2,837"
"2016-2017","107","Covington City","1,064"," ","1,064"
"2016-2017","23","Craig County","615"," ","615"
"2016-2017","24","Culpeper County","8,202","2","8,204"
"2016-2017","25","Cumberland County","1,364"," ","1,364"
"2016-2017","108","Danville City","5,956"," ","5,956"
"2016-2017","26","Dickenson County","2,189"," ","2,189"
"2016-2017","27","Dinwiddie County","4,394"," ","4,394"
"2016-2017","28","Essex County","1,406"," ","1,406"
"2016-2017","29","Fairfax County","187,467","31","187,498"
"2016-2017","109","Falls Church City","2,670","2","2,672"
"2016-2017","30","Fauquier County","11,065","8","11,073"
"2016-2017","31","Floyd County","2,042"," ","2,042"
"2016-2017","32","Fluvanna County","3,588","1","3,589"
"2016-2017","135","Franklin City","1,128"," ","1,128"
"2016-2017","33","Franklin County","7,352"," ","7,352"
"2016-2017","34","Frederick County","13,338"," ","13,338"
"2016-2017","110","Fredericksburg City","3,577"," ","3,577"
"2016-2017","111","Galax City","1,332"," ","1,332"
"2016-2017","35","Giles County","2,401"," ","2,401"
"2016-2017","36","Gloucester County","5,500"," ","5,500"
"2016-2017","37","Goochland County","2,594"," ","2,594"
"2016-2017","38","Grayson County","1,644"," ","1,644"
"2016-2017","39","Greene County","3,177"," ","3,177"
"2016-2017","40","Greensville County","2,547"," ","2,547"
"2016-2017","41","Halifax County","5,187","3","5,190"
"2016-2017","112","Hampton City","20,286","1","20,287"
"2016-2017","42","Hanover County","18,039"," ","18,039"
"2016-2017","113","Harrisonburg City","6,187","1","6,188"
"2016-2017","43","Henrico County","51,425"," ","51,425"
"2016-2017","44","Henry County","7,508"," ","7,508"
"2016-2017","45","Highland County","218"," ","218"
"2016-2017","114","Hopewell City","4,292"," ","4,292"
"2016-2017","46","Isle of Wight County","5,451"," ","5,451"
"2016-2017","48","King George County","4,346","19","4,365"
"2016-2017","50","King William County","2,199"," ","2,199"
"2016-2017","49","King and Queen County","852"," ","852"
"2016-2017","51","Lancaster County","1,221"," ","1,221"
"2016-2017","52","Lee County","3,262"," ","3,262"
"2016-2017","137","Lexington City","510"," ","510"
"2016-2017","53","Loudoun County","78,348","331","78,679"
"2016-2017","54","Louisa County","4,864"," ","4,864"
"2016-2017","55","Lunenburg County","1,563"," ","1,563"
"2016-2017","115","Lynchburg City","8,477"," ","8,477"
"2016-2017","56","Madison County","1,741","30","1,771"
"2016-2017","143","Manassas City","7,713"," ","7,713"
"2016-2017","144","Manassas Park City","3,588"," ","3,588"
"2016-2017","116","Martinsville City","2,041","1","2,042"
"2016-2017","57","Mathews County","1,091"," ","1,091"
"2016-2017","58","Mecklenburg County","4,424"," ","4,424"
"2016-2017","59","Middlesex County","1,240"," ","1,240"
"2016-2017","60","Montgomery County","9,674","11","9,685"
"2016-2017","62","Nelson County","1,898"," ","1,898"
"2016-2017","63","New Kent County","3,156"," ","3,156"
"2016-2017","117","Newport News City","28,843","17","28,860"
"2016-2017","118","Norfolk City","31,425"," ","31,425"
"2016-2017","65","Northampton County","1,668"," ","1,668"
"2016-2017","66","Northumberland County","1,302","36","1,338"
"2016-2017","119","Norton City","789"," ","789"
"2016-2017","67","Nottoway County","2,165"," ","2,165"
"2016-2017","68","Orange County","5,109","2","5,111"
"2016-2017","69","Page County","3,438","5","3,443"
"2016-2017","70","Patrick County","2,752"," ","2,752"
"2016-2017","120","Petersburg City","4,275"," ","4,275"
"2016-2017","71","Pittsylvania County","9,182"," ","9,182"
"2016-2017","142","Poquoson City","2,058","19","2,077"
"2016-2017","121","Portsmouth City","14,611","3","14,614"
"2016-2017","72","Powhatan County","4,266","10","4,276"
"2016-2017","73","Prince Edward County","2,134"," ","2,134"
"2016-2017","74","Prince George County","6,446"," ","6,446"
"2016-2017","75","Prince William County","89,345","32","89,377"
"2016-2017","77","Pulaski County","4,270"," ","4,270"
"2016-2017","122","Radford City","1,659"," ","1,659"
"2016-2017","78","Rappahannock County","866"," ","866"
"2016-2017","123","Richmond City","24,868"," ","24,868"
"2016-2017","79","Richmond County","1,314"," ","1,314"
"2016-2017","124","Roanoke City","13,677"," ","13,677"
"2016-2017","80","Roanoke County","14,235"," ","14,235"
"2016-2017","81","Rockbridge County","2,844"," ","2,844"
"2016-2017","82","Rockingham County","11,852","15","11,867"
"2016-2017","83","Russell County","3,979"," ","3,979"
"2016-2017","139","Salem City","3,852"," ","3,852"
"2016-2017","84","Scott County","3,732"," ","3,732"
"2016-2017","85","Shenandoah County","6,007"," ","6,007"
"2016-2017","86","Smyth County","4,505"," ","4,505"
"2016-2017","87","Southampton County","2,750"," ","2,750"
"2016-2017","88","Spotsylvania County","23,597","20","23,617"
"2016-2017","89","Stafford County","28,386","293","28,679"
"2016-2017","126","Staunton City","2,679"," ","2,679"
"2016-2017","127","Suffolk City","14,284"," ","14,284"
"2016-2017","90","Surry County","826"," ","826"
"2016-2017","91","Sussex County","1,106"," ","1,106"
"2016-2017","92","Tazewell County","5,959","1","5,960"
"2016-2017","128","Virginia Beach City","69,085"," ","69,085"
"2016-2017","93","Warren County","5,385","4","5,389"
"2016-2017","94","Washington County","7,264","1","7,265"
"2016-2017","130","Waynesboro City","3,170"," ","3,170"
"2016-2017","207","West Point","806"," ","806"
"2016-2017","95","Westmoreland County","1,703"," ","1,703"
"2016-2017","131","Williamsburg-James City County","11,607","168","11,775"
"2016-2017","132","Winchester City","4,471"," ","4,471"
"2016-2017","96","Wise County","5,889"," ","5,889"
"2016-2017","97","Wythe County","4,220","1","4,221"
"2016-2017","98","York County","12,682","50","12,732"
"2017-2018","1","Accomack County","5,194","1","5,195"
"2017-2018","2","Albemarle County","13,927","10","13,937"
"2017-2018","101","Alexandria City","15,710","92","15,802"
"2017-2018","3","Alleghany County","2,190"," ","2,190"
"2017-2018","4","Amelia County","1,792"," ","1,792"
"2017-2018","5","Amherst County","4,048"," ","4,048"
"2017-2018","6","Appomattox County","2,270"," ","2,270"
"2017-2018","7","Arlington County","26,975"," ","26,975"
"2017-2018","8","Augusta County","10,362","1","10,363"
"2017-2018","9","Bath County","555"," ","555"
"2017-2018","10","Bedford County","9,719","3","9,722"
"2017-2018","11","Bland County","730"," ","730"
"2017-2018","12","Botetourt County","4,648"," ","4,648"
"2017-2018","102","Bristol City","2,263"," ","2,263"
"2017-2018","13","Brunswick County","1,644"," ","1,644"
"2017-2018","14","Buchanan County","2,836"," ","2,836"
"2017-2018","15","Buckingham County","2,089"," ","2,089"
"2017-2018","103","Buena Vista City","948"," ","948"
"2017-2018","16","Campbell County","7,895"," ","7,895"
"2017-2018","17","Caroline County","4,250"," ","4,250"
"2017-2018","18","Carroll County","3,807"," ","3,807"
"2017-2018","19","Charles City County","650"," ","650"
"2017-2018","20","Charlotte County","1,880","1","1,881"
"2017-2018","104","Charlottesville City","4,527","2","4,529"
"2017-2018","136","Chesapeake City","40,646","10","40,656"
"2017-2018","21","Chesterfield County","60,915","61","60,976"
"2017-2018","22","Clarke County","1,974","4","1,978"
"2017-2018","202","Colonial Beach","640"," ","640"
"2017-2018","106","Colonial Heights City","2,833"," ","2,833"
"2017-2018","107","Covington City","1,051"," ","1,051"
"2017-2018","23","Craig County","614"," ","614"
"2017-2018","24","Culpeper County","8,208","2","8,210"
"2017-2018","25","Cumberland County","1,335"," ","1,335"
"2017-2018","108","Danville City","5,828"," ","5,828"
"2017-2018","26","Dickenson County","2,128"," ","2,128"
"2017-2018","27","Dinwiddie County","4,336"," ","4,336"
"2017-2018","28","Essex County","1,403"," ","1,403"
"2017-2018","29","Fairfax County","188,556","29","188,585"
"2017-2018","109","Falls Church City","2,677","3","2,680"
"2017-2018","30","Fauquier County","11,140","3","11,143"
"2017-2018","31","Floyd County","2,031","6","2,037"
"2017-2018","32","Fluvanna County","3,589"," ","3,589"
"2017-2018","135","Franklin City","1,119"," ","1,119"
"2017-2018","33","Franklin County","7,270"," ","7,270"
"2017-2018","34","Frederick County","13,525"," ","13,525"
"2017-2018","110","Fredericksburg City","3,617"," ","3,617"
"2017-2018","111","Galax City","1,302"," ","1,302"
"2017-2018","35","Giles County","2,484"," ","2,484"
"2017-2018","36","Gloucester County","5,439"," ","5,439"
"2017-2018","37","Goochland County","2,625","4","2,629"
"2017-2018","38","Grayson County","1,584"," ","1,584"
"2017-2018","39","Greene County","3,112"," ","3,112"
"2017-2018","40","Greensville County","2,382"," ","2,382"
"2017-2018","41","Halifax County","5,101"," ","5,101"
"2017-2018","112","Hampton City","19,907","4","19,911"
"2017-2018","42","Hanover County","18,000"," ","18,000"
"2017-2018","113","Harrisonburg City","6,301"," ","6,301"
"2017-2018","43","Henrico County","51,625"," ","51,625"
"2017-2018","44","Henry County","7,479"," ","7,479"
"2017-2018","45","Highland County","209"," ","209"
"2017-2018","114","Hopewell City","4,343"," ","4,343"
"2017-2018","46","Isle of Wight County","5,474","2","5,476"
"2017-2018","48","King George County","4,530","2","4,532"
"2017-2018","50","King William County","2,194"," ","2,194"
"2017-2018","49","King and Queen County","832"," ","832"
"2017-2018","51","Lancaster County","1,154"," ","1,154"
"2017-2018","52","Lee County","3,261"," ","3,261"
"2017-2018","137","Lexington City","515"," ","515"
"2017-2018","53","Loudoun County","80,606","329","80,935"
"2017-2018","54","Louisa County","4,900"," ","4,900"
"2017-2018","55","Lunenburg County","1,528"," ","1,528"
"2017-2018","115","Lynchburg City","8,380","33","8,413"
"2017-2018","56","Madison County","1,708","61","1,769"
"2017-2018","143","Manassas City","7,820"," ","7,820"
"2017-2018","144","Manassas Park City","3,723"," ","3,723"
"2017-2018","116","Martinsville City","2,016"," ","2,016"
"2017-2018","57","Mathews County","1,082"," ","1,082"
"2017-2018","58","Mecklenburg County","4,338"," ","4,338"
"2017-2018","59","Middlesex County","1,284"," ","1,284"
"2017-2018","60","Montgomery County","9,866","69","9,935"
"2017-2018","62","Nelson County","1,882"," ","1,882"
"2017-2018","63","New Kent County","3,244"," ","3,244"
"2017-2018","117","Newport News City","28,681","3","28,684"
"2017-2018","118","Norfolk City","30,776"," ","30,776"
"2017-2018","65","Northampton County","1,654"," ","1,654"
"2017-2018","66","Northumberland County","1,314"," ","1,314"
"2017-2018","119","Norton City","798"," ","798"
"2017-2018","67","Nottoway County","2,057"," ","2,057"
"2017-2018","68","Orange County","5,064","6","5,070"
"2017-2018","69","Page County","3,361","5","3,366"
"2017-2018","70","Patrick County","2,730","1","2,731"
"2017-2018","120","Petersburg City","4,193","2","4,195"
"2017-2018","71","Pittsylvania County","8,998","1","8,999"
"2017-2018","142","Poquoson City","2,105","24","2,129"
"2017-2018","121","Portsmouth City","14,339"," ","14,339"
"2017-2018","72","Powhatan County","4,289","8","4,297"
"2017-2018","73","Prince Edward County","2,059","1","2,060"
"2017-2018","74","Prince George County","6,328"," ","6,328"
"2017-2018","75","Prince William County","90,562","33","90,595"
"2017-2018","77","Pulaski County","4,193"," ","4,193"
"2017-2018","122","Radford City","1,613"," ","1,613"
"2017-2018","78","Rappahannock County","851"," ","851"
"2017-2018","123","Richmond City","25,015"," ","25,015"
"2017-2018","79","Richmond County","1,322"," ","1,322"
"2017-2018","124","Roanoke City","13,788"," ","13,788"
"2017-2018","80","Roanoke County","14,155"," ","14,155"
"2017-2018","81","Rockbridge County","2,830"," ","2,830"
"2017-2018","82","Rockingham County","11,805","12","11,817"
"2017-2018","83","Russell County","3,826"," ","3,826"
"2017-2018","139","Salem City","3,953"," ","3,953"
"2017-2018","84","Scott County","3,545","1","3,546"
"2017-2018","85","Shenandoah County","6,060"," ","6,060"
"2017-2018","86","Smyth County","4,431"," ","4,431"
"2017-2018","87","Southampton County","2,800"," ","2,800"
"2017-2018","88","Spotsylvania County","23,794","14","23,808"
"2017-2018","89","Stafford County","28,936","177","29,113"
"2017-2018","126","Staunton City","2,701"," ","2,701"
"2017-2018","127","Suffolk City","14,359"," ","14,359"
"2017-2018","90","Surry County","792"," ","792"
"2017-2018","91","Sussex County","1,077","3","1,080"
"2017-2018","92","Tazewell County","5,790"," ","5,790"
"2017-2018","128","Virginia Beach City","68,986"," ","68,986"
"2017-2018","93","Warren County","5,390","5","5,395"
"2017-2018","94","Washington County","7,233","14","7,247"
"2017-2018","130","Waynesboro City","3,086","4","3,090"
"2017-2018","207","West Point","812"," ","812"
"2017-2018","95","Westmoreland County","1,609","1","1,610"
"2017-2018","131","Williamsburg-James City County","11,667","186","11,853"
"2017-2018","132","Winchester City","4,385"," ","4,385"
"2017-2018","96","Wise County","5,827"," ","5,827"
"2017-2018","97","Wythe County","4,150"," ","4,150"
"2017-2018","98","York County","12,576","234","12,810"
"2018-2019","1","Accomack County","5,115","1","5,116"
"2018-2019","2","Albemarle County","13,994","19","14,013"
"2018-2019","101","Alexandria City","15,966","2","15,968"
"2018-2019","3","Alleghany County","2,084"," ","2,084"
"2018-2019","4","Amelia County","1,761"," ","1,761"
"2018-2019","5","Amherst County","4,078"," ","4,078"
"2018-2019","6","Appomattox County","2,221"," ","2,221"
"2018-2019","7","Arlington County","27,434"," ","27,434"
"2018-2019","8","Augusta County","10,406","1","10,407"
"2018-2019","9","Bath County","543"," ","543"
"2018-2019","10","Bedford County","9,632","2","9,634"
"2018-2019","11","Bland County","736"," ","736"
"2018-2019","12","Botetourt County","4,659"," ","4,659"
"2018-2019","102","Bristol City","2,271"," ","2,271"
"2018-2019","13","Brunswick County","1,616"," ","1,616"
"2018-2019","14","Buchanan County","2,758"," ","2,758"
"2018-2019","15","Buckingham County","2,127"," ","2,127"
"2018-2019","103","Buena Vista City","918"," ","918"
"2018-2019","16","Campbell County","7,890","1","7,891"
"2018-2019","17","Caroline County","4,214"," ","4,214"
"2018-2019","18","Carroll County","3,762"," ","3,762"
"2018-2019","19","Charles City County","633"," ","633"
"2018-2019","20","Charlotte County","1,850"," ","1,850"
"2018-2019","104","Charlottesville City","4,559","2","4,561"
"2018-2019","136","Chesapeake City","40,879","19","40,898"
"2018-2019","21","Chesterfield County","61,552","56","61,608"
"2018-2019","22","Clarke County","1,966","5","1,971"
"2018-2019","202","Colonial Beach","671"," ","671"
"2018-2019","106","Colonial Heights City","2,866"," ","2,866"
"2018-2019","107","Covington City","1,070"," ","1,070"
"2018-2019","23","Craig County","602"," ","602"
"2018-2019","24","Culpeper County","8,235"," ","8,235"
"2018-2019","25","Cumberland County","1,366"," ","1,366"
"2018-2019","108","Danville City","5,686"," ","5,686"
"2018-2019","26","Dickenson County","2,054"," ","2,054"
"2018-2019","27","Dinwiddie County","4,379"," ","4,379"
"2018-2019","28","Essex County","1,322"," ","1,322"
"2018-2019","29","Fairfax County","187,797","33","187,830"
"2018-2019","109","Falls Church City","2,620","1","2,621"
"2018-2019","30","Fauquier County","11,186","3","11,189"
"2018-2019","31","Floyd County","1,966","9","1,975"
"2018-2019","32","Fluvanna County","3,590"," ","3,590"
"2018-2019","135","Franklin City","1,075"," ","1,075"
"2018-2019","33","Franklin County","7,062"," ","7,062"
"2018-2019","34","Frederick County","13,627"," ","13,627"
"2018-2019","110","Fredericksburg City","3,710"," ","3,710"
"2018-2019","111","Galax City","1,321"," ","1,321"
"2018-2019","35","Giles County","2,445","3","2,448"
"2018-2019","36","Gloucester County","5,408"," ","5,408"
"2018-2019","37","Goochland County","2,676","1","2,677"
"2018-2019","38","Grayson County","1,542"," ","1,542"
"2018-2019","39","Greene County","3,001"," ","3,001"
"2018-2019","40","Greensville County","2,243"," ","2,243"
"2018-2019","41","Halifax County","4,960"," ","4,960"
"2018-2019","112","Hampton City","19,589","5","19,594"
"2018-2019","42","Hanover County","17,726","1","17,727"
"2018-2019","113","Harrisonburg City","6,437","3","6,440"
"2018-2019","43","Henrico County","51,523"," ","51,523"
"2018-2019","44","Henry County","7,455"," ","7,455"
"2018-2019","45","Highland County","205"," ","205"
"2018-2019","114","Hopewell City","4,372"," ","4,372"
"2018-2019","46","Isle of Wight County","5,531","1","5,532"
"2018-2019","48","King George County","4,477"," ","4,477"
"2018-2019","50","King William County","2,227"," ","2,227"
"2018-2019","49","King and Queen County","829"," ","829"
"2018-2019","51","Lancaster County","1,136"," ","1,136"
"2018-2019","52","Lee County","3,254"," ","3,254"
"2018-2019","137","Lexington City","522"," ","522"
"2018-2019","53","Loudoun County","81,906","332","82,238"
"2018-2019","54","Louisa County","4,906"," ","4,906"
"2018-2019","55","Lunenburg County","1,551"," ","1,551"
"2018-2019","115","Lynchburg City","8,263","23","8,286"
"2018-2019","56","Madison County","1,690","53","1,743"
"2018-2019","143","Manassas City","7,723"," ","7,723"
"2018-2019","144","Manassas Park City","3,724"," ","3,724"
"2018-2019","116","Martinsville City","1,942"," ","1,942"
"2018-2019","57","Mathews County","1,064"," ","1,064"
"2018-2019","58","Mecklenburg County","4,215"," ","4,215"
"2018-2019","59","Middlesex County","1,222"," ","1,222"
"2018-2019","60","Montgomery County","9,924","54","9,978"
"2018-2019","62","Nelson County","1,807"," ","1,807"
"2018-2019","63","New Kent County","3,306","1","3,307"
"2018-2019","117","Newport News City","28,652","2","28,654"
"2018-2019","118","Norfolk City","30,087"," ","30,087"
"2018-2019","65","Northampton County","1,607"," ","1,607"
"2018-2019","66","Northumberland County","1,315"," ","1,315"
"2018-2019","119","Norton City","842"," ","842"
"2018-2019","67","Nottoway County","2,043"," ","2,043"
"2018-2019","68","Orange County","5,041","3","5,044"
"2018-2019","69","Page County","3,331","1","3,332"
"2018-2019","70","Patrick County","2,600","1","2,601"
"2018-2019","120","Petersburg City","4,194","2","4,196"
"2018-2019","71","Pittsylvania County","8,845","1","8,846"
"2018-2019","142","Poquoson City","2,119","20","2,139"
"2018-2019","121","Portsmouth City","14,006"," ","14,006"
"2018-2019","72","Powhatan County","4,317","6","4,323"
"2018-2019","73","Prince Edward County","2,079"," ","2,079"
"2018-2019","74","Prince George County","6,360"," ","6,360"
"2018-2019","75","Prince William County","90,843","33","90,876"
"2018-2019","77","Pulaski County","4,081"," ","4,081"
"2018-2019","122","Radford City","1,646"," ","1,646"
"2018-2019","78","Rappahannock County","802"," ","802"
"2018-2019","123","Richmond City","24,763"," ","24,763"
"2018-2019","79","Richmond County","1,314"," ","1,314"
"2018-2019","124","Roanoke City","13,749","5","13,754"
"2018-2019","80","Roanoke County","14,121"," ","14,121"
"2018-2019","81","Rockbridge County","2,842","1","2,843"
"2018-2019","82","Rockingham County","11,913","17","11,930"
"2018-2019","83","Russell County","3,785"," ","3,785"
"2018-2019","139","Salem City","3,958"," ","3,958"
"2018-2019","84","Scott County","3,533","1","3,534"
"2018-2019","85","Shenandoah County","6,030"," ","6,030"
"2018-2019","86","Smyth County","4,332"," ","4,332"
"2018-2019","87","Southampton County","2,869"," ","2,869"
"2018-2019","88","Spotsylvania County","23,668","15","23,683"
"2018-2019","89","Stafford County","29,270","215","29,485"
"2018-2019","126","Staunton City","2,727","1","2,728"
"2018-2019","127","Suffolk City","14,265"," ","14,265"
"2018-2019","90","Surry County","758"," ","758"
"2018-2019","91","Sussex County","1,074","4","1,078"
"2018-2019","92","Tazewell County","5,653"," ","5,653"
"2018-2019","128","Virginia Beach City","68,624"," ","68,624"
"2018-2019","93","Warren County","5,298","4","5,302"
"2018-2019","94","Washington County","7,090","3","7,093"
"2018-2019","130","Waynesboro City","3,032","2","3,034"
"2018-2019","207","West Point","813"," ","813"
"2018-2019","95","Westmoreland County","1,651"," ","1,651"
"2018-2019","131","Williamsburg-James City County","11,666","147","11,813"
"2018-2019","132","Winchester City","4,357"," ","4,357"
"2018-2019","96","Wise County","5,755"," ","5,755"
"2018-2019","97","Wythe County","4,076"," ","4,076"
"2018-2019","98","York County","12,750","222","12,972"
"2019-2020","1","Accomack County","5,161","1","5,162"
"2019-2020","2","Albemarle County","14,404","31","14,435"
"2019-2020","101","Alexandria City","16,295","12","16,307"
"2019-2020","3","Alleghany County","2,024"," ","2,024"
"2019-2020","4","Amelia County","1,729","2","1,731"
"2019-2020","5","Amherst County","4,115"," ","4,115"
"2019-2020","6","Appomattox County","2,279"," ","2,279"
"2019-2020","7","Arlington County","28,151"," ","28,151"
"2019-2020","8","Augusta County","10,339","3","10,342"
"2019-2020","9","Bath County","529"," ","529"
"2019-2020","10","Bedford County","9,555","7","9,562"
"2019-2020","11","Bland County","693"," ","693"
"2019-2020","12","Botetourt County","4,672"," ","4,672"
"2019-2020","102","Bristol City","2,255"," ","2,255"
"2019-2020","13","Brunswick County","1,538"," ","1,538"
"2019-2020","14","Buchanan County","2,676"," ","2,676"
"2019-2020","15","Buckingham County","2,113"," ","2,113"
"2019-2020","103","Buena Vista City","895"," ","895"
"2019-2020","16","Campbell County","7,921"," ","7,921"
"2019-2020","17","Caroline County","4,253"," ","4,253"
"2019-2020","18","Carroll County","3,713"," ","3,713"
"2019-2020","19","Charles City County","620"," ","620"
"2019-2020","20","Charlotte County","1,763"," ","1,763"
"2019-2020","104","Charlottesville City","4,542","2","4,544"
"2019-2020","136","Chesapeake City","41,597"," ","41,597"
"2019-2020","21","Chesterfield County","62,614","55","62,669"
"2019-2020","22","Clarke County","1,924","2","1,926"
"2019-2020","202","Colonial Beach","652"," ","652"
"2019-2020","106","Colonial Heights City","2,899"," ","2,899"
"2019-2020","107","Covington City","1,018"," ","1,018"
"2019-2020","23","Craig County","588"," ","588"
"2019-2020","24","Culpeper County","8,516","5","8,521"
"2019-2020","25","Cumberland County","1,321"," ","1,321"
"2019-2020","108","Danville City","5,702"," ","5,702"
"2019-2020","26","Dickenson County","2,064"," ","2,064"
"2019-2020","27","Dinwiddie County","4,347"," ","4,347"
"2019-2020","28","Essex County","1,320"," ","1,320"
"2019-2020","29","Fairfax County","188,887","43","188,930"
"2019-2020","109","Falls Church City","2,648","1","2,649"
"2019-2020","30","Fauquier County","11,181"," ","11,181"
"2019-2020","31","Floyd County","1,919","4","1,923"
"2019-2020","32","Fluvanna County","3,549"," ","3,549"
"2019-2020","135","Franklin City","1,078"," ","1,078"
"2019-2020","33","Franklin County","6,887"," ","6,887"
"2019-2020","34","Frederick County","13,875","5","13,880"
"2019-2020","110","Fredericksburg City","3,755"," ","3,755"
"2019-2020","111","Galax City","1,338"," ","1,338"
"2019-2020","35","Giles County","2,389","5","2,394"
"2019-2020","36","Gloucester County","5,306"," ","5,306"
"2019-2020","37","Goochland County","2,619"," ","2,619"
"2019-2020","38","Grayson County","1,556"," ","1,556"
"2019-2020","39","Greene County","2,976"," ","2,976"
"2019-2020","40","Greensville County","2,223"," ","2,223"
"2019-2020","41","Halifax County","4,896"," ","4,896"
"2019-2020","112","Hampton City","19,589","1","19,590"
"2019-2020","42","Hanover County","17,541"," ","17,541"
"2019-2020","113","Harrisonburg City","6,611","2","6,613"
"2019-2020","43","Henrico County","51,786"," ","51,786"
"2019-2020","44","Henry County","7,381"," ","7,381"
"2019-2020","45","Highland County","218"," ","218"
"2019-2020","114","Hopewell City","4,283"," ","4,283"
"2019-2020","46","Isle of Wight County","5,630"," ","5,630"
"2019-2020","48","King George County","4,518"," ","4,518"
"2019-2020","50","King William County","2,188"," ","2,188"
"2019-2020","49","King and Queen County","833"," ","833"
"2019-2020","51","Lancaster County","1,079"," ","1,079"
"2019-2020","52","Lee County","3,192"," ","3,192"
"2019-2020","137","Lexington City","503"," ","503"
"2019-2020","53","Loudoun County","83,606","327","83,933"
"2019-2020","54","Louisa County","4,987"," ","4,987"
"2019-2020","55","Lunenburg County","1,590"," ","1,590"
"2019-2020","115","Lynchburg City","8,197","41","8,238"
"2019-2020","56","Madison County","1,659","67","1,726"
"2019-2020","143","Manassas City","7,789"," ","7,789"
"2019-2020","144","Manassas Park City","3,640","1","3,641"
"2019-2020","116","Martinsville City","1,930"," ","1,930"
"2019-2020","57","Mathews County","1,008"," ","1,008"
"2019-2020","58","Mecklenburg County","4,199","6","4,205"
"2019-2020","59","Middlesex County","1,208"," ","1,208"
"2019-2020","60","Montgomery County","10,016","86","10,102"
"2019-2020","62","Nelson County","1,695"," ","1,695"
"2019-2020","63","New Kent County","3,354"," ","3,354"
"2019-2020","117","Newport News City","28,650","5","28,655"
"2019-2020","118","Norfolk City","29,837"," ","29,837"
"2019-2020","65","Northampton County","1,520"," ","1,520"
"2019-2020","66","Northumberland County","1,279"," ","1,279"
"2019-2020","119","Norton City","818"," ","818"
"2019-2020","67","Nottoway County","1,990"," ","1,990"
"2019-2020","68","Orange County","5,089","3","5,092"
"2019-2020","69","Page County","3,352","2","3,354"
"2019-2020","70","Patrick County","2,558"," ","2,558"
"2019-2020","120","Petersburg City","4,209","2","4,211"
"2019-2020","71","Pittsylvania County","8,723"," ","8,723"
"2019-2020","142","Poquoson City","2,114","23","2,137"
"2019-2020","121","Portsmouth City","13,991"," ","13,991"
"2019-2020","72","Powhatan County","4,346","10","4,356"
"2019-2020","73","Prince Edward County","2,055","2","2,057"
"2019-2020","74","Prince George County","6,353"," ","6,353"
"2019-2020","75","Prince William County","92,237","33","92,270"
"2019-2020","77","Pulaski County","4,096"," ","4,096"
"2019-2020","122","Radford City","1,642"," ","1,642"
"2019-2020","78","Rappahannock County","791"," ","791"
"2019-2020","123","Richmond City","25,211","1","25,212"
"2019-2020","79","Richmond County","1,301"," ","1,301"
"2019-2020","124","Roanoke City","14,039","10","14,049"
"2019-2020","80","Roanoke County","13,999"," ","13,999"
"2019-2020","81","Rockbridge County","2,819"," ","2,819"
"2019-2020","82","Rockingham County","11,911","17","11,928"
"2019-2020","83","Russell County","3,715"," ","3,715"
"2019-2020","139","Salem City","3,926"," ","3,926"
"2019-2020","84","Scott County","3,512"," ","3,512"
"2019-2020","85","Shenandoah County","6,002","1","6,003"
"2019-2020","86","Smyth County","4,268","1","4,269"
"2019-2020","87","Southampton County","2,803"," ","2,803"
"2019-2020","88","Spotsylvania County","23,882","19","23,901"
"2019-2020","89","Stafford County","30,086","34","30,120"
"2019-2020","126","Staunton City","2,737","1","2,738"
"2019-2020","127","Suffolk City","14,322","1","14,323"
"2019-2020","90","Surry County","738"," ","738"
"2019-2020","91","Sussex County","1,091","4","1,095"
"2019-2020","92","Tazewell County","5,585"," ","5,585"
"2019-2020","128","Virginia Beach City","68,706"," ","68,706"
"2019-2020","93","Warren County","5,372","4","5,376"
"2019-2020","94","Washington County","7,050","2","7,052"
"2019-2020","130","Waynesboro City","2,961"," ","2,961"
"2019-2020","207","West Point","802"," ","802"
"2019-2020","95","Westmoreland County","1,603"," ","1,603"
"2019-2020","131","Williamsburg-James City County","11,639","166","11,805"
"2019-2020","132","Winchester City","4,387","5","4,392"
"2019-2020","96","Wise County","5,636"," ","5,636"
"2019-2020","97","Wythe County","3,982"," ","3,982"
"2019-2020","98","York County","12,978","206","13,184"
"2020-2021","1","Accomack County","4,863","1","4,864"
"2020-2021","2","Albemarle County","13,499","33","13,532"
"2020-2021","101","Alexandria City","15,775","70","15,845"
"2020-2021","3","Alleghany County","1,952"," ","1,952"
"2020-2021","4","Amelia County","1,627"," ","1,627"
"2020-2021","5","Amherst County","4,045"," ","4,045"
"2020-2021","6","Appomattox County","2,272"," ","2,272"
"2020-2021","7","Arlington County","26,831","2","26,833"
"2020-2021","8","Augusta County","10,147","3","10,150"
"2020-2021","9","Bath County","521"," ","521"
"2020-2021","10","Bedford County","9,173","2","9,175"
"2020-2021","11","Bland County","670"," ","670"
"2020-2021","12","Botetourt County","4,431"," ","4,431"
"2020-2021","102","Bristol City","2,214"," ","2,214"
"2020-2021","13","Brunswick County","1,451"," ","1,451"
"2020-2021","14","Buchanan County","2,516"," ","2,516"
"2020-2021","15","Buckingham County","2,009"," ","2,009"
"2020-2021","103","Buena Vista City","916"," ","916"
"2020-2021","16","Campbell County","7,787"," ","7,787"
"2020-2021","17","Caroline County","4,131"," ","4,131"
"2020-2021","18","Carroll County","3,551","1","3,552"
"2020-2021","19","Charles City County","576"," ","576"
"2020-2021","20","Charlotte County","1,726"," ","1,726"
"2020-2021","104","Charlottesville City","4,255","4","4,259"
"2020-2021","136","Chesapeake City","39,673"," ","39,673"
"2020-2021","21","Chesterfield County","60,840","64","60,904"
"2020-2021","22","Clarke County","1,741","4","1,745"
"2020-2021","202","Colonial Beach","634"," ","634"
"2020-2021","106","Colonial Heights City","2,784"," ","2,784"
"2020-2021","107","Covington City","1,016"," ","1,016"
"2020-2021","23","Craig County","546"," ","546"
"2020-2021","24","Culpeper County","8,254","2","8,256"
"2020-2021","25","Cumberland County","1,223"," ","1,223"
"2020-2021","108","Danville City","5,505"," ","5,505"
"2020-2021","26","Dickenson County","1,967"," ","1,967"
"2020-2021","27","Dinwiddie County","4,209"," ","4,209"
"2020-2021","28","Essex County","1,224"," ","1,224"
"2020-2021","29","Fairfax County","180,028","48","180,076"
"2020-2021","109","Falls Church City","2,500"," ","2,500"
"2020-2021","30","Fauquier County","10,288","4","10,292"
"2020-2021","31","Floyd County","1,831","2","1,833"
"2020-2021","32","Fluvanna County","3,297"," ","3,297"
"2020-2021","135","Franklin City","1,028"," ","1,028"
"2020-2021","33","Franklin County","6,533"," ","6,533"
"2020-2021","34","Frederick County","13,521"," ","13,521"
"2020-2021","110","Fredericksburg City","3,545"," ","3,545"
"2020-2021","111","Galax City","1,323"," ","1,323"
"2020-2021","35","Giles County","2,298","2","2,300"
"2020-2021","36","Gloucester County","5,044"," ","5,044"
"2020-2021","37","Goochland County","2,581","1","2,582"
"2020-2021","38","Grayson County","1,517"," ","1,517"
"2020-2021","39","Greene County","2,928"," ","2,928"
"2020-2021","40","Greensville County","2,137"," ","2,137"
"2020-2021","41","Halifax County","4,690","1","4,691"
"2020-2021","112","Hampton City","19,223","2","19,225"
"2020-2021","42","Hanover County","16,519"," ","16,519"
"2020-2021","113","Harrisonburg City","6,505","3","6,508"
"2020-2021","43","Henrico County","50,191"," ","50,191"
"2020-2021","44","Henry County","7,130"," ","7,130"
"2020-2021","45","Highland County","184"," ","184"
"2020-2021","114","Hopewell City","4,240","2","4,242"
"2020-2021","46","Isle of Wight County","5,396"," ","5,396"
"2020-2021","48","King George County","4,297"," ","4,297"
"2020-2021","50","King William County","2,006","1","2,007"
"2020-2021","49","King and Queen County","875"," ","875"
"2020-2021","51","Lancaster County","1,014"," ","1,014"
"2020-2021","52","Lee County","3,048"," ","3,048"
"2020-2021","137","Lexington City","465"," ","465"
"2020-2021","53","Loudoun County","81,066","253","81,319"
"2020-2021","54","Louisa County","4,984"," ","4,984"
"2020-2021","55","Lunenburg County","1,622"," ","1,622"
"2020-2021","115","Lynchburg City","7,935","26","7,961"
"2020-2021","56","Madison County","1,626","43","1,669"
"2020-2021","143","Manassas City","7,399","208","7,607"
"2020-2021","144","Manassas Park City","3,500"," ","3,500"
"2020-2021","116","Martinsville City","1,881"," ","1,881"
"2020-2021","57","Mathews County","931","1","932"
"2020-2021","58","Mecklenburg County","4,087","6","4,093"
"2020-2021","59","Middlesex County","1,166"," ","1,166"
"2020-2021","60","Montgomery County","9,700","11","9,711"
"2020-2021","62","Nelson County","1,596"," ","1,596"
"2020-2021","63","New Kent County","3,040"," ","3,040"
"2020-2021","117","Newport News City","27,113","5","27,118"
"2020-2021","118","Norfolk City","27,955"," ","27,955"
"2020-2021","65","Northampton County","1,410"," ","1,410"
"2020-2021","66","Northumberland County","1,228"," ","1,228"
"2020-2021","119","Norton City","861"," ","861"
"2020-2021","67","Nottoway County","1,878"," ","1,878"
"2020-2021","68","Orange County","4,904","3","4,907"
"2020-2021","69","Page County","3,209","4","3,213"
"2020-2021","70","Patrick County","2,516","1","2,517"
"2020-2021","120","Petersburg City","4,045"," ","4,045"
"2020-2021","71","Pittsylvania County","8,213"," ","8,213"
"2020-2021","142","Poquoson City","2,069","21","2,090"
"2020-2021","121","Portsmouth City","13,395"," ","13,395"
"2020-2021","72","Powhatan County","4,208","4","4,212"
"2020-2021","73","Prince Edward County","1,947","2","1,949"
"2020-2021","74","Prince George County","6,099"," ","6,099"
"2020-2021","75","Prince William County","89,551","26","89,577"
"2020-2021","77","Pulaski County","4,010"," ","4,010"
"2020-2021","122","Radford City","2,520"," ","2,520"
"2020-2021","78","Rappahannock County","766"," ","766"
"2020-2021","123","Richmond City","28,226"," ","28,226"
"2020-2021","79","Richmond County","1,306"," ","1,306"
"2020-2021","124","Roanoke City","13,853","1","13,854"
"2020-2021","80","Roanoke County","13,690","2","13,692"
"2020-2021","81","Rockbridge County","2,711"," ","2,711"
"2020-2021","82","Rockingham County","11,336","18","11,354"
"2020-2021","83","Russell County","3,552"," ","3,552"
"2020-2021","139","Salem City","3,828"," ","3,828"
"2020-2021","84","Scott County","3,534","4","3,538"
"2020-2021","85","Shenandoah County","5,769"," ","5,769"
"2020-2021","86","Smyth County","4,110"," ","4,110"
"2020-2021","87","Southampton County","2,610"," ","2,610"
"2020-2021","88","Spotsylvania County","23,025","11","23,036"
"2020-2021","89","Stafford County","29,372","23","29,395"
"2020-2021","126","Staunton City","2,607"," ","2,607"
"2020-2021","127","Suffolk City","13,869"," ","13,869"
"2020-2021","90","Surry County","679"," ","679"
"2020-2021","91","Sussex County","1,045"," ","1,045"
"2020-2021","92","Tazewell County","5,432"," ","5,432"
"2020-2021","128","Virginia Beach City","65,612"," ","65,612"
"2020-2021","93","Warren County","5,160"," ","5,160"
"2020-2021","94","Washington County","6,759","1","6,760"
"2020-2021","130","Waynesboro City","2,913","1","2,914"
"2020-2021","207","West Point","804"," ","804"
"2020-2021","95","Westmoreland County","1,548"," ","1,548"
"2020-2021","131","Williamsburg-James City County","10,986","166","11,152"
"2020-2021","132","Winchester City","4,268","1","4,269"
"2020-2021","96","Wise County","5,542"," ","5,542"
"2020-2021","97","Wythe County","3,857","1","3,858"
"2020-2021","98","York County","12,330","162","12,492"
"2021-2022","1","Accomack County","4,751","1","4,752"
"2021-2022","2","Albemarle County","13,721","28","13,749"
"2021-2022","101","Alexandria City","15,676","36","15,712"
"2021-2022","3","Alleghany County","1,911"," ","1,911"
"2021-2022","4","Amelia County","1,635"," ","1,635"
"2021-2022","5","Amherst County","3,970"," ","3,970"
"2021-2022","6","Appomattox County","2,338"," ","2,338"
"2021-2022","7","Arlington County","27,042","3","27,045"
"2021-2022","8","Augusta County","9,929","2","9,931"
"2021-2022","9","Bath County","502"," ","502"
"2021-2022","10","Bedford County","9,008","1","9,009"
"2021-2022","11","Bland County","719"," ","719"
"2021-2022","12","Botetourt County","4,472"," ","4,472"
"2021-2022","102","Bristol City","2,200"," ","2,200"
"2021-2022","13","Brunswick County","1,419"," ","1,419"
"2021-2022","14","Buchanan County","2,427"," ","2,427"
"2021-2022","15","Buckingham County","1,933"," ","1,933"
"2021-2022","103","Buena Vista City","887"," ","887"
"2021-2022","16","Campbell County","7,854"," ","7,854"
"2021-2022","17","Caroline County","4,238"," ","4,238"
"2021-2022","18","Carroll County","3,517","2","3,519"
"2021-2022","19","Charles City County","528"," ","528"
"2021-2022","20","Charlotte County","1,702"," ","1,702"
"2021-2022","104","Charlottesville City","4,288","2","4,290"
"2021-2022","136","Chesapeake City","40,478"," ","40,478"
"2021-2022","21","Chesterfield County","62,445","55","62,500"
"2021-2022","22","Clarke County","1,833","2","1,835"
"2021-2022","202","Colonial Beach","625"," ","625"
"2021-2022","106","Colonial Heights City","2,786"," ","2,786"
"2021-2022","107","Covington City","963","3","966"
"2021-2022","23","Craig County","513"," ","513"
"2021-2022","24","Culpeper County","8,366"," ","8,366"
"2021-2022","25","Cumberland County","1,208"," ","1,208"
"2021-2022","108","Danville City","5,736"," ","5,736"
"2021-2022","26","Dickenson County","1,965"," ","1,965"
"2021-2022","27","Dinwiddie County","4,189"," ","4,189"
"2021-2022","28","Essex County","1,393"," ","1,393"
"2021-2022","29","Fairfax County","178,605","30","178,635"
"2021-2022","109","Falls Church City","2,493"," ","2,493"
"2021-2022","30","Fauquier County","10,873","1","10,874"
"2021-2022","31","Floyd County","1,776"," ","1,776"
"2021-2022","32","Fluvanna County","3,316"," ","3,316"
"2021-2022","135","Franklin City","992"," ","992"
"2021-2022","33","Franklin County","6,319","1","6,320"
"2021-2022","34","Frederick County","13,875","1","13,876"
"2021-2022","110","Fredericksburg City","3,624"," ","3,624"
"2021-2022","111","Galax City","1,354","1","1,355"
"2021-2022","35","Giles County","3,528","3","3,531"
"2021-2022","36","Gloucester County","5,036","17","5,053"
"2021-2022","37","Goochland County","2,596"," ","2,596"
"2021-2022","38","Grayson County","1,530"," ","1,530"
"2021-2022","39","Greene County","2,897"," ","2,897"
"2021-2022","40","Greensville County","2,037"," ","2,037"
"2021-2022","41","Halifax County","4,588","5","4,593"
"2021-2022","112","Hampton City","19,619"," ","19,619"
"2021-2022","42","Hanover County","16,865"," ","16,865"
"2021-2022","113","Harrisonburg City","6,659","1","6,660"
"2021-2022","43","Henrico County","49,991"," ","49,991"
"2021-2022","44","Henry County","7,025"," ","7,025"
"2021-2022","45","Highland County","178"," ","178"
"2021-2022","114","Hopewell City","4,075","2","4,077"
"2021-2022","46","Isle of Wight County","5,619"," ","5,619"
"2021-2022","48","King George County","4,467","1","4,468"
"2021-2022","50","King William County","1,983","1","1,984"
"2021-2022","49","King and Queen County","867"," ","867"
"2021-2022","51","Lancaster County","1,002"," ","1,002"
"2021-2022","52","Lee County","2,937"," ","2,937"
"2021-2022","137","Lexington City","476"," ","476"
"2021-2022","53","Loudoun County","81,186","325","81,511"
"2021-2022","54","Louisa County","5,168"," ","5,168"
"2021-2022","55","Lunenburg County","1,607"," ","1,607"
"2021-2022","115","Lynchburg City","7,830","49","7,879"
"2021-2022","56","Madison County","1,619","45","1,664"
"2021-2022","143","Manassas City","7,159","433","7,592"
"2021-2022","144","Manassas Park City","3,508"," ","3,508"
"2021-2022","116","Martinsville City","1,817"," ","1,817"
"2021-2022","57","Mathews County","903"," ","903"
"2021-2022","58","Mecklenburg County","4,438","2","4,440"
"2021-2022","59","Middlesex County","1,202"," ","1,202"
"2021-2022","60","Montgomery County","9,698","6","9,704"
"2021-2022","62","Nelson County","1,538"," ","1,538"
"2021-2022","63","New Kent County","3,273"," ","3,273"
"2021-2022","117","Newport News City","26,672","5","26,677"
"2021-2022","118","Norfolk City","27,478"," ","27,478"
"2021-2022","65","Northampton County","1,350"," ","1,350"
"2021-2022","66","Northumberland County","1,181"," ","1,181"
"2021-2022","119","Norton City","828"," ","828"
"2021-2022","67","Nottoway County","1,824"," ","1,824"
"2021-2022","68","Orange County","5,027","1","5,028"
"2021-2022","69","Page County","3,136"," ","3,136"
"2021-2022","70","Patrick County","2,538"," ","2,538"
"2021-2022","120","Petersburg City","4,179"," ","4,179"
"2021-2022","71","Pittsylvania County","7,915"," ","7,915"
"2021-2022","142","Poquoson City","2,056","32","2,088"
"2021-2022","121","Portsmouth City","13,517"," ","13,517"
"2021-2022","72","Powhatan County","4,295","10","4,305"
"2021-2022","73","Prince Edward County","1,914","3","1,917"
"2021-2022","74","Prince George County","6,139","2","6,141"
"2021-2022","75","Prince William County","90,116","19","90,135"
"2021-2022","77","Pulaski County","4,041"," ","4,041"
"2021-2022","122","Radford City","2,701"," ","2,701"
"2021-2022","78","Rappahannock County","753"," ","753"
"2021-2022","123","Richmond City","21,177","2","21,179"
"2021-2022","79","Richmond County","1,350"," ","1,350"
"2021-2022","124","Roanoke City","13,701","21","13,722"
"2021-2022","80","Roanoke County","13,731"," ","13,731"
"2021-2022","81","Rockbridge County","2,630","4","2,634"
"2021-2022","82","Rockingham County","11,289","21","11,310"
"2021-2022","83","Russell County","3,456"," ","3,456"
"2021-2022","139","Salem City","3,799"," ","3,799"
"2021-2022","84","Scott County","3,535","2","3,537"
"2021-2022","85","Shenandoah County","5,679"," ","5,679"
"2021-2022","86","Smyth County","4,052"," ","4,052"
"2021-2022","87","Southampton County","2,600"," ","2,600"
"2021-2022","88","Spotsylvania County","23,782","12","23,794"
"2021-2022","89","Stafford County","30,456","17","30,473"
"2021-2022","126","Staunton City","2,740"," ","2,740"
"2021-2022","127","Suffolk City","14,048"," ","14,048"
"2021-2022","90","Surry County","657"," ","657"
"2021-2022","91","Sussex County","975"," ","975"
"2021-2022","92","Tazewell County","5,420"," ","5,420"
"2021-2022","128","Virginia Beach City","65,498"," ","65,498"
"2021-2022","93","Warren County","5,170","2","5,172"
"2021-2022","94","Washington County","6,732","3","6,735"
"2021-2022","130","Waynesboro City","3,021","1","3,022"
"2021-2022","207","West Point","813"," ","813"
"2021-2022","95","Westmoreland County","1,531"," ","1,531"
"2021-2022","131","Williamsburg-James City County","11,088","234","11,322"
"2021-2022","132","Winchester City","4,143"," ","4,143"
"2021-2022","96","Wise County","5,765"," ","5,765"
"2021-2022","97","Wythe County","3,831","2","3,833"
"2021-2022","98","York County","12,554","320","12,874"
