"School Year","Division Number","Division Name","Disabled","Grade PK","Grade KG","Grade 1","Grade 2","Grade 3","Grade 4","Grade 5","Grade 6","Grade 7","Grade 8","Grade 9","Grade 10","Grade 11","Grade 12","Full Time Count (All Grades)","Part Time Count (All Grades)","Total Count"
"2021-2022","1","Accomack County","N","99","283","296","281","271","289","320","304","306","345","412","312","296","273","4,087"," ","4,087"
"2021-2022","1","Accomack County","Y","36","31","37","39","43","40","54","56","57","64","79","47","37","44","664","<","665"
"2021-2022","2","Albemarle County","N","189","898","839","931","905","900","838","844","919","927","991","945","986","907","12,019","25","12,044"
"2021-2022","2","Albemarle County","Y","69","100","108","104","114","111","140","125","156","125","143","104","127","176","1,702","<","1,705"
"2021-2022","101","Alexandria City","N","314","1,247","1,195","1,170","1,193","1,072","1,042","973","955","966","1,206","856","933","960","14,082","<","14,084"
"2021-2022","101","Alexandria City","Y","125","90","88","99","96","126","139","135","124","125","139","85","100","123","1,594","34","1,628"
"2021-2022","3","Alleghany County","N","53","151","125","110","111","126","109","106","137","108","137","112","121","127","1,633"," ","1,633"
"2021-2022","3","Alleghany County","Y","18","25","22","23","16","<","20","16","22","22","23","24","21","17","278"," ","278"
"2021-2022","4","Amelia County","N","59","112","103","100","87","104","94","119","105","129","125","117","96","89","1,439"," ","1,439"
"2021-2022","4","Amelia County","Y","<","11","18","12","<","13","15","17","12","19","27","16","13","10","196"," ","196"
"2021-2022","5","Amherst County","N","89","242","242","234","258","242","232","262","255","296","289","274","260","240","3,415"," ","3,415"
"2021-2022","5","Amherst County","Y","31","31","40","46","38","45","45","43","40","42","52","36","36","30","555"," ","555"
"2021-2022","6","Appomattox County","N","65","164","139","154","151","152","144","157","172","161","195","140","131","162","2,087"," ","2,087"
"2021-2022","6","Appomattox County","Y","15","15","24","22","18","19","17","22","16","15","24","12","16","16","251"," ","251"
"2021-2022","7","Arlington County","N","710","1,819","1,926","1,803","1,811","1,770","1,648","1,614","1,652","1,659","1,789","1,561","1,707","1,615","23,084","<","23,087"
"2021-2022","7","Arlington County","Y","191","178","196","247","282","279","292","309","316","315","306","311","315","421","3,958"," ","3,958"
"2021-2022","8","Augusta County","N","270","659","636","623","622","703","636","632","644","713","803","689","684","674","8,988","<","8,990"
"2021-2022","8","Augusta County","Y","33","33","50","53","61","66","73","89","78","68","113","79","62","83","941"," ","941"
"2021-2022","9","Bath County","N","15","30","30","27","35","22","35","29","26","37","31","32","32","33","414"," ","414"
"2021-2022","9","Bath County","Y","<","<","<","<","<","10","<","<","12","<","<","<","<","<","88"," ","88"
"2021-2022","10","Bedford County","N","148","568","549","595","574","574","579","597","578","601","674","662","597","636","7,932","<","7,933"
"2021-2022","10","Bedford County","Y","56","80","61","66","66","79","79","68","82","93","98","79","91","78","1,076"," ","1,076"
"2021-2022","11","Bland County","N","<","43","52","41","42","38","41","38","37","51","42","86","48","44","609"," ","609"
"2021-2022","11","Bland County","Y","<","<","<","<","<","<","<","<","12","<","20","<","<","<","110"," ","110"
"2021-2022","12","Botetourt County","N","42","297","272","243","245","261","264","271","286","286","339","333","325","329","3,793"," ","3,793"
"2021-2022","12","Botetourt County","Y","52","48","40","63","48","61","56","59","51","42","45","40","34","40","679"," ","679"
"2021-2022","102","Bristol City","N","81","151","122","148","119","143","119","137","125","130","137","133","133","138","1,816"," ","1,816"
"2021-2022","102","Bristol City","Y","<","21","40","32","35","22","36","30","35","29","17","30","25","26","384"," ","384"
"2021-2022","13","Brunswick County","N","34","120","89","88","74","84","89","86","88","102","85","92","93","98","1,222"," ","1,222"
"2021-2022","13","Brunswick County","Y","<","<","<","15","15","13","16","18","19","13","21","14","20","16","197"," ","197"
"2021-2022","14","Buchanan County","N","100","157","138","122","134","122","139","150","153","171","154","169","139","158","2,006"," ","2,006"
"2021-2022","14","Buchanan County","Y","19","<","19","21","32","38","36","43","28","47","32","23","37","37","421"," ","421"
"2021-2022","15","Buckingham County","N","71","91","104","96","115","120","116","130","144","158","179","110","119","102","1,655"," ","1,655"
"2021-2022","15","Buckingham County","Y","17","12","11","19","20","23","18","25","22","25","25","26","15","20","278"," ","278"
"2021-2022","103","Buena Vista City","N","32","50","55","35","55","48","50","48","50","54","76","43","51","67","714"," ","714"
"2021-2022","103","Buena Vista City","Y","13","<","22","21","<","14","<","13","13","13","<","17","<","<","173"," ","173"
"2021-2022","16","Campbell County","N","233","492","499","462","492","476","484","522","477","546","592","540","471","534","6,820"," ","6,820"
"2021-2022","16","Campbell County","Y","60","62","77","59","80","64","61","81","73","95","101","69","62","90","1,034"," ","1,034"
"2021-2022","17","Caroline County","N","103","278","279","283","280","277","292","280","284","282","288","272","255","235","3,688"," ","3,688"
"2021-2022","17","Caroline County","Y","16","35","36","39","38","44","48","45","33","48","48","36","39","45","550"," ","550"
"2021-2022","18","Carroll County","N","120","213","205","206","216","210","192","201","222","248","226","217","228","202","2,906","<","2,908"
"2021-2022","18","Carroll County","Y","20","35","53","44","46","43","58","47","54","34","61","37","34","45","611"," ","611"
"2021-2022","19","Charles City County","N","12","28","30","36","30","36","28","27","32","24","38","32","42","30","425"," ","425"
"2021-2022","19","Charles City County","Y","<","<","<","<","<","<","10","17","11","<","<","<","<","<","103"," ","103"
"2021-2022","20","Charlotte County","N","53","138","104","105","98","131","112","99","111","112","113","97","103","115","1,491"," ","1,491"
"2021-2022","20","Charlotte County","Y","11","<","13","11","11","11","11","19","20","18","23","22","19","16","211"," ","211"
"2021-2022","104","Charlottesville City","N","183","277","290","277","293","289","259","272","241","262","315","259","255","229","3,701","<","3,703"
"2021-2022","104","Charlottesville City","Y","32","25","32","38","49","50","42","50","36","60","54","42","34","43","587"," ","587"
"2021-2022","136","Chesapeake City","N","439","2,427","2,447","2,312","2,277","2,419","2,319","2,486","2,528","2,606","2,884","2,709","2,691","2,650","33,194"," ","33,194"
"2021-2022","136","Chesapeake City","Y","341","295","393","488","464","583","555","598","621","597","667","553","530","599","7,284"," ","7,284"
"2021-2022","21","Chesterfield County","N","667","3,953","3,863","3,804","4,031","3,780","4,028","4,093","4,275","4,231","4,745","4,493","4,193","4,175","54,331","46","54,377"
"2021-2022","21","Chesterfield County","Y","243","374","478","603","585","610","644","709","646","655","691","600","550","726","8,114","<","8,123"
"2021-2022","22","Clarke County","N","26","114","105","96","106","88","124","104","132","132","159","172","133","145","1,636"," ","1,636"
"2021-2022","22","Clarke County","Y","<","11","12","12","<","17","16","19","<","20","24","15","14","18","197","<","199"
"2021-2022","202","Colonial Beach","N","30","40","33","34","41","40","32","39","41","44","40","41","36","45","536"," ","536"
"2021-2022","202","Colonial Beach","Y","<","10","<","<","<","<","<","10","<","<","<","<","<","<","89"," ","89"
"2021-2022","106","Colonial Heights City","N","68","179","186","164","199","177","139","175","164","185","208","154","168","164","2,330"," ","2,330"
"2021-2022","106","Colonial Heights City","Y","<","25","24","21","36","34","38","44","38","48","50","35","16","39","456"," ","456"
"2021-2022","107","Covington City","N","21","62","57","61","55","70","50","66","56","73","60","52","47","42","772","<","774"
"2021-2022","107","Covington City","Y","<","<","16","14","15","16","13","13","17","23","16","<","13","17","191","<","192"
"2021-2022","23","Craig County","N","<","29","22","22","29","21","16","33","28","35","43","26","28","37","375"," ","375"
"2021-2022","23","Craig County","Y","<","<","<","<","16","18","<","10","<","<","13","<","12","11","138"," ","138"
"2021-2022","24","Culpeper County","N","110","502","463","555","514","545","529","565","579","609","776","601","549","585","7,482"," ","7,482"
"2021-2022","24","Culpeper County","Y","49","62","76","77","59","73","55","47","67","69","75","70","46","59","884"," ","884"
"2021-2022","25","Cumberland County","N","68","72","70","84","76","74","80","69","72","88","107","72","87","59","1,078"," ","1,078"
"2021-2022","25","Cumberland County","Y","<","<","<","<","15","10","<","<","12","14","13","14","13","<","130"," ","130"
"2021-2022","108","Danville City","N","224","355","377","384","381","378","371","352","392","346","472","356","304","243","4,935"," ","4,935"
"2021-2022","108","Danville City","Y","29","24","48","65","53","62","72","59","82","56","94","66","51","40","801"," ","801"
"2021-2022","26","Dickenson County","N","73","127","114","115","126","129","119","110","130","114","136","123","126","108","1,650"," ","1,650"
"2021-2022","26","Dickenson County","Y","<","11","21","17","29","26","24","11","29","29","34","29","20","26","315"," ","315"
"2021-2022","27","Dinwiddie County","N","85","292","263","277","269","282","281","272","258","269","307","271","255","264","3,645"," ","3,645"
"2021-2022","27","Dinwiddie County","Y"," ","23","26","38","42","37","42","30","53","53","52","63","37","48","544"," ","544"
"2021-2022","28","Essex County","N","33","123","134","135","63","63","62","83","91","92","91","74","88","88","1,220"," ","1,220"
"2021-2022","28","Essex County","Y","<","<","<","<","<","19","14","12","21","16","<","20","14","16","173"," ","173"
"2021-2022","29","Fairfax County","N","1,910","10,830","10,492","11,143","11,005","10,720","10,979","10,974","11,301","12,136","12,731","12,612","12,818","12,284","151,935","29","151,964"
"2021-2022","29","Fairfax County","Y","1,979","1,212","1,408","1,481","1,754","1,931","2,149","2,039","2,067","2,076","2,162","1,932","1,913","2,567","26,670","<","26,671"
"2021-2022","109","Falls Church City","N","34","142","142","164","151","155","162","161","157","195","204","183","164","198","2,212"," ","2,212"
"2021-2022","109","Falls Church City","Y","20","15","<","15","14","19","17","21","19","33","19","22","32","27","281"," ","281"
"2021-2022","30","Fauquier County","N","80","700","637","649","611","643","668","670","692","778","792","794","766","842","9,322","<","9,323"
"2021-2022","30","Fauquier County","Y","67","64","88","98","110","115","117","108","113","126","143","112","120","170","1,551"," ","1,551"
"2021-2022","31","Floyd County","N","47","100","106","100","103","90","93","117","88","128","145","122","117","136","1,492"," ","1,492"
"2021-2022","31","Floyd County","Y","17","12","17","17","18","26","26","14","27","23","24","19","15","29","284"," ","284"
"2021-2022","32","Fluvanna County","N","35","181","164","194","184","194","216","203","245","259","254","270","244","236","2,879"," ","2,879"
"2021-2022","32","Fluvanna County","Y","22","17","28","24","31","40","20","26","39","23","44","42","34","47","437"," ","437"
"2021-2022","135","Franklin City","N","41","64","58","63","60","67","68","71","58","74","70","68","45","66","873"," ","873"
"2021-2022","135","Franklin City","Y","<","<","<","<","<","<","<","<","13","<","14","14","<","12","119"," ","119"
"2021-2022","33","Franklin County","N","205","386","335","336","374","370","373","376","415","437","474","403","390","370","5,244"," ","5,244"
"2021-2022","33","Franklin County","Y","42","57","91","84","95","91","60","88","100","79","91","73","60","64","1,075","<","1,076"
"2021-2022","34","Frederick County","N","67","961","846","850","840","852","837","866","946","987","1,138","962","914","910","11,976","<","11,977"
"2021-2022","34","Frederick County","Y","63","69","114","118","141","154","155","168","122","158","190","137","132","178","1,899"," ","1,899"
"2021-2022","110","Fredericksburg City","N","117","249","245","281","262","247","235","206","223","226","295","199","207","213","3,205"," ","3,205"
"2021-2022","110","Fredericksburg City","Y","25","19","26","23","24","28","34","39","42","46","35","30","19","29","419"," ","419"
"2021-2022","111","Galax City","N","55","90","76","88","93","90","84","92","98","83","105","75","74","69","1,172","<","1,173"
"2021-2022","111","Galax City","Y","<","10","14","14","12","14","13","13","17","15","22","11","<","13","182"," ","182"
"2021-2022","35","Giles County","N","58","199","152","150","324","346","265","311","344","346","145","200","128","149","3,117","<","3,120"
"2021-2022","35","Giles County","Y","<","26","28","38","41","35","31","22","25","32","28","30","33","34","411"," ","411"
"2021-2022","36","Gloucester County","N","66","292","296","317","301","313","322","317","370","378","353","319","304","354","4,302","17","4,319"
"2021-2022","36","Gloucester County","Y","55","40","50","50","52","60","50","57","58","50","57","45","55","55","734"," ","734"
"2021-2022","37","Goochland County","N","62","141","140","150","149","167","151","163","161","204","187","197","190","194","2,256"," ","2,256"
"2021-2022","37","Goochland County","Y","33","<","13","22","24","36","27","24","28","29","34","21","17","24","340"," ","340"
"2021-2022","38","Grayson County","N","33","116","77","102","112","93","104","85","78","95","119","98","100","68","1,280"," ","1,280"
"2021-2022","38","Grayson County","Y","<","17","16","20","19","13","21","29","20","19","19","18","18","13","250"," ","250"
"2021-2022","39","Greene County","N","36","167","163","203","163","179","176","183","230","208","221","228","175","186","2,518"," ","2,518"
"2021-2022","39","Greene County","Y","<","13","31","24","17","22","27","35","29","27","40","42","27","36","379"," ","379"
"2021-2022","40","Greensville County","N","77","144","99","141","126","118","143","108","142","165","131","137","120","127","1,778"," ","1,778"
"2021-2022","40","Greensville County","Y","<","11","17","21","20","24","20","25","22","27","18","17","20","11","259"," ","259"
"2021-2022","41","Halifax County","N","206","318","268","254","264","231","217","263","286","301","310","317","276","268","3,779","<","3,783"
"2021-2022","41","Halifax County","Y","65","45","56","54","56","53","54","51","52","69","62","73","62","57","809","<","810"
"2021-2022","112","Hampton City","N","574","1,354","1,206","1,269","1,256","1,228","1,189","1,302","1,257","1,285","1,559","1,336","1,214","1,062","17,091"," ","17,091"
"2021-2022","112","Hampton City","Y","96","95","130","161","173","179","184","205","208","242","303","194","197","161","2,528"," ","2,528"
"2021-2022","42","Hanover County","N","156","976","966","1,008","1,009","1,011","1,049","1,073","1,144","1,154","1,251","1,229","1,232","1,231","14,489"," ","14,489"
"2021-2022","42","Hanover County","Y","71","130","167","144","183","170","202","169","188","201","189","197","161","204","2,376"," ","2,376"
"2021-2022","113","Harrisonburg City","N","258","453","456","437","445","461","432","418","404","445","500","450","383","427","5,969","<","5,970"
"2021-2022","113","Harrisonburg City","Y","80","43","53","35","46","58","52","44","54","62","44","38","36","45","690"," ","690"
"2021-2022","43","Henrico County","N","859","3,205","3,050","3,210","3,127","3,095","3,118","3,203","3,271","3,418","3,796","3,596","3,403","3,233","43,584"," ","43,584"
"2021-2022","43","Henrico County","Y","223","261","406","410","439","463","479","513","527","516","608","519","492","551","6,407"," ","6,407"
"2021-2022","44","Henry County","N","221","428","375","409","399","435","420","411","504","460","635","419","383","407","5,906"," ","5,906"
"2021-2022","44","Henry County","Y","41","45","62","88","105","86","86","75","94","103","121","82","59","72","1,119"," ","1,119"
"2021-2022","45","Highland County","N","<","14","<","12","11","<","16","11","<","14","12","<","13","13","149"," ","149"
"2021-2022","45","Highland County","Y","<","<","<","<","<","<","<"," "," ","<","<","<"," ","<","29"," ","29"
"2021-2022","114","Hopewell City","N","263","253","237","241","241","223","217","215","238","235","262","270","234","216","3,345"," ","3,345"
"2021-2022","114","Hopewell City","Y","38","36","51","66","58","59","70","55","59","53","55","46","36","48","730","<","732"
"2021-2022","46","Isle of Wight County","N","86","358","313","349","359","335","337","338","362","391","481","395","396","381","4,881"," ","4,881"
"2021-2022","46","Isle of Wight County","Y","17","30","46","48","47","61","59","73","65","57","64","53","64","54","738"," ","738"
"2021-2022","48","King George County","N","46","261","274","274","257","281","293","259","291","331","368","303","302","322","3,862","<","3,863"
"2021-2022","48","King George County","Y","32","40","44","50","50","52","44","36","47","51","49","30","29","51","605"," ","605"
"2021-2022","50","King William County","N","<","114","132","123","131","122","126","142","115","145","160","128","148","148","1,739","<","1,740"
"2021-2022","50","King William County","Y","<","<","17","12","17","14","15","15","22","30","28","22","28","18","244"," ","244"
"2021-2022","49","King and Queen County","N","43","143","106","100","35","39","30","38","25","44","47","34","31","36","751"," ","751"
"2021-2022","49","King and Queen County","Y","<","<","<","<","<","13","<","10","17","10","<","<","<","<","116"," ","116"
"2021-2022","51","Lancaster County","N","53","53","59","50","47","66","55","70","51","59","83","62","82","67","857"," ","857"
"2021-2022","51","Lancaster County","Y","<","<","<","<","<","<","17","<","14","<","16","10","15","19","145"," ","145"
"2021-2022","52","Lee County","N","115","188","184","143","162","160","183","173","208","192","232","168","154","157","2,419"," ","2,419"
"2021-2022","52","Lee County","Y","<","41","38","49","34","54","45","40","31","31","41","32","41","33","518"," ","518"
"2021-2022","137","Lexington City","N"," ","47","40","46","52","57","61","41","50","43"," "," "," "," ","437"," ","437"
"2021-2022","137","Lexington City","Y","<","<","<","<","<","<","<","<","<","<"," "," "," ","<","39"," ","39"
"2021-2022","53","Loudoun County","N","174","4,866","5,134","5,185","5,082","5,355","5,314","5,485","5,691","6,050","6,110","5,952","5,880","5,883","72,161","301","72,462"
"2021-2022","53","Loudoun County","Y","353","339","378","538","590","701","767","719","757","746","820","751","724","842","9,025","24","9,049"
"2021-2022","54","Louisa County","N","99","320","307","303","305","323","293","317","335","363","360","336","315","320","4,296"," ","4,296"
"2021-2022","54","Louisa County","Y","49","44","45","46","57","62","61","67","63","67","72","86","79","74","872"," ","872"
"2021-2022","55","Lunenburg County","N","70","112","101","87","85","82","93","91","113","109","123","118","87","95","1,366"," ","1,366"
"2021-2022","55","Lunenburg County","Y","11","12","20","16","20","23","19","14","20","17","19","19","13","18","241"," ","241"
"2021-2022","115","Lynchburg City","N","246","496","475","499","497","497","493","453","476","502","655","495","495","462","6,741","<","6,743"
"2021-2022","115","Lynchburg City","Y","25","70","88","108","63","68","79","89","101","80","100","72","61","85","1,089","47","1,136"
"2021-2022","56","Madison County","N"," ","101","108","93","87","100","118","117","109","123","144","142","110","111","1,463","42","1,505"
"2021-2022","56","Madison County","Y"," ","<","<","10","19","11","16","16","<","15","15","14","<","11","156","<","159"
"2021-2022","143","Manassas City","N","<","359","531","506","507","518","471","488","503","481","641","512","444","395","6,358","383","6,741"
"2021-2022","143","Manassas City","Y","53","22","42","52","53","55","51","66","64","67","78","62","59","77","801","50","851"
"2021-2022","144","Manassas Park City","N","91","203","227","198","205","218","208","201","236","256","265","241","257","243","3,049"," ","3,049"
"2021-2022","144","Manassas Park City","Y","40","23","28","30","30","41","35","42","45","29","29","32","23","32","459"," ","459"
"2021-2022","116","Martinsville City","N","85","111","119","101","104","118","114","118","112","117","144","132","111","109","1,595"," ","1,595"
"2021-2022","116","Martinsville City","Y","12","14","17","17","12","13","22","16","24","15","15","17","14","14","222"," ","222"
"2021-2022","57","Mathews County","N","15","50","49","35","56","47","58","57","65","71","68","63","65","52","751"," ","751"
"2021-2022","57","Mathews County","Y","<","<","11","18","10","12","<","<","12","11","19","13","<","<","152"," ","152"
"2021-2022","58","Mecklenburg County","N","184","257","260","240","279","214","248","234","269","248","571","336","376","257","3,973","<","3,975"
"2021-2022","58","Mecklenburg County","Y","29","19","27","35","21","34","43","42","39","35","38","32","35","36","465"," ","465"
"2021-2022","59","Middlesex County","N","64","72","64","74","59","67","75","70","82","71","94","60","67","61","980"," ","980"
"2021-2022","59","Middlesex County","Y","15","18","24","13","15","22","11","19","16","16","12","18","10","13","222"," ","222"
"2021-2022","60","Montgomery County","N","169","620","639","601","624","665","630","654","619","639","791","659","699","602","8,611","<","8,617"
"2021-2022","60","Montgomery County","Y","33","50","62","65","77","78","85","93","102","111","89","81","79","82","1,087"," ","1,087"
"2021-2022","62","Nelson County","N","33","77","72","90","73","102","88","94","96","104","138","114","88","109","1,278"," ","1,278"
"2021-2022","62","Nelson County","Y","<","<","22","15","10","19","20","23","22","20","31","26","15","24","260"," ","260"
"2021-2022","63","New Kent County","N","35","228","183","176","181","217","205","207","232","240","270","254","213","220","2,861"," ","2,861"
"2021-2022","63","New Kent County","Y","17","25","30","30","32","27","38","23","30","34","41","30","27","28","412"," ","412"
"2021-2022","117","Newport News City","N","819","1,839","1,790","1,845","1,816","1,741","1,746","1,710","1,669","1,726","2,121","1,637","1,524","1,317","23,300","<","23,301"
"2021-2022","117","Newport News City","Y","191","132","143","181","203","233","271","315","294","291","352","259","233","274","3,372","<","3,376"
"2021-2022","118","Norfolk City","N","1,408","2,025","1,890","1,859","1,800","1,743","1,721","1,676","1,720","1,650","2,086","1,651","1,268","1,286","23,783"," ","23,783"
"2021-2022","118","Norfolk City","Y","121","152","245","230","268","308","333","323","327","314","429","247","178","220","3,695"," ","3,695"
"2021-2022","65","Northampton County","N","59","70","82","76","85","67","99","89","69","94","83","91","83","90","1,137"," ","1,137"
"2021-2022","65","Northampton County","Y","<","13","<","14","14","16","23","12","17","14","19","23","17","20","213"," ","213"
"2021-2022","66","Northumberland County","N","43","62","73","56","83","73","85","79","80","81","78","75","77","73","1,018"," ","1,018"
"2021-2022","66","Northumberland County","Y","<","<","<","19","13","<","<","14","<","18","10","17","16","15","163"," ","163"
"2021-2022","119","Norton City","N","23","66","44","69","45","49","39","51","53","58","54","46","50","64","711"," ","711"
"2021-2022","119","Norton City","Y","<","<","<","<","12","12","11","<","<","10","11","<","13","10","117"," ","117"
"2021-2022","67","Nottoway County","N","75","119","104","123","127","113","105","105","138","107","150","124","106","108","1,604"," ","1,604"
"2021-2022","67","Nottoway County","Y","<","<","20","14","17","19","15","12","16","15","31","20","16","<","220"," ","220"
"2021-2022","68","Orange County","N","172","309","308","311","326","309","351","326","319","340","404","312","272","320","4,379","<","4,380"
"2021-2022","68","Orange County","Y","27","18","46","40","38","51","53","52","57","53","72","50","35","56","648"," ","648"
"2021-2022","69","Page County","N","90","180","182","178","189","190","176","170","219","220","194","243","250","244","2,725"," ","2,725"
"2021-2022","69","Page County","Y","11","26","22","44","22","28","22","39","37","36","27","37","25","35","411"," ","411"
"2021-2022","70","Patrick County","N","106","194","275","184","112","117","139","130","120","153","149","164","142","136","2,121"," ","2,121"
"2021-2022","70","Patrick County","Y","22","40","46","36","30","36","28","31","25","25","28","22","25","23","417"," ","417"
"2021-2022","120","Petersburg City","N","318","294","310","313","288","273","286","274","283","239","300","196","223","159","3,756"," ","3,756"
"2021-2022","120","Petersburg City","Y","<","15","25","26","21","28","32","36","46","39","49","38","34","28","423"," ","423"
"2021-2022","71","Pittsylvania County","N","265","482","426","442","468","472","506","491","568","606","635","573","532","539","7,005"," ","7,005"
"2021-2022","71","Pittsylvania County","Y","18","38","45","45","60","68","62","72","71","77","89","81","90","94","910"," ","910"
"2021-2022","142","Poquoson City","N"," ","126","140","116","121","150","129","128","149","156","177","149","149","149","1,839","14","1,853"
"2021-2022","142","Poquoson City","Y"," ","18","18","16","15","16","21","11","12","16","26","17","20","11","217","18","235"
"2021-2022","121","Portsmouth City","N","483","970","910","932","945","895","953","904","827","850","984","823","736","717","11,929"," ","11,929"
"2021-2022","121","Portsmouth City","Y","69","68","82","91","110","121","107","135","152","143","174","106","91","139","1,588"," ","1,588"
"2021-2022","72","Powhatan County","N","88","251","239","263","258","251","279","288","274","305","323","327","291","308","3,745","<","3,754"
"2021-2022","72","Powhatan County","Y","17","16","35","42","37","45","43","38","39","43","50","52","46","47","550","<","551"
"2021-2022","73","Prince Edward County","N","80","119","117","132","108","123","115","128","113","133","191","134","70","98","1,661"," ","1,661"
"2021-2022","73","Prince Edward County","Y","15","10","18","19","11","22","20","15","20","16","22","21","11","33","253","<","256"
"2021-2022","74","Prince George County","N","105","421","413","392","420","411","401","391","390","431","415","431","325","373","5,319","<","5,320"
"2021-2022","74","Prince George County","Y","34","45","57","65","59","63","54","64","66","72","59","74","51","57","820","<","821"
"2021-2022","75","Prince William County","N","927","5,586","5,632","5,695","5,780","5,842","5,708","5,824","6,104","6,026","7,028","6,482","5,893","6,035","78,562","17","78,579"
"2021-2022","75","Prince William County","Y","695","533","586","706","834","859","929","910","871","932","1,066","867","806","960","11,554","<","11,556"
"2021-2022","77","Pulaski County","N","128","275","228","257","278","254","229","244","250","286","276","253","270","250","3,478"," ","3,478"
"2021-2022","77","Pulaski County","Y","23","29","41","39","50","42","32","44","45","40","54","34","44","46","563"," ","563"
"2021-2022","122","Radford City","N","47","78","91","108","212","219","219","202","233","243","143","170","194","249","2,408"," ","2,408"
"2021-2022","122","Radford City","Y","11","15","14","17","29","36","26","27","22","23","15","20","18","20","293"," ","293"
"2021-2022","78","Rappahannock County","N","30","35","45","48","38","43","49","52","46","60","47","49","43","60","645"," ","645"
"2021-2022","78","Rappahannock County","Y","<","<","<","<","<","<","11","13","<","<","<","<","10","13","108"," ","108"
"2021-2022","123","Richmond City","N","885","1,539","1,566","1,499","1,490","1,509","1,360","1,284","1,198","1,258","1,393","1,048","1,127","972","18,128","<","18,130"
"2021-2022","123","Richmond City","Y","96","101","153","172","212","239","247","254","274","286","302","224","250","239","3,049"," ","3,049"
"2021-2022","79","Richmond County","N","36","83","82","84","79","83","91","86","80","108","110","87","83","91","1,183"," ","1,183"
"2021-2022","79","Richmond County","Y","10","<","10","<","14","13","16","12","13","12","16","11","10","13","167"," ","167"
"2021-2022","124","Roanoke City","N","453","947","927","890","870","873","863","814","793","871","1,046","823","748","638","11,556","16","11,572"
"2021-2022","124","Roanoke City","Y","88","98","159","177","174","175","157","177","155","173","194","133","127","158","2,145","<","2,150"
"2021-2022","80","Roanoke County","N","214","831","775","718","825","751","794","908","902","951","1,067","993","931","854","11,514"," ","11,514"
"2021-2022","80","Roanoke County","Y","150","103","129","142","166","172","177","171","169","195","200","177","126","140","2,217"," ","2,217"
"2021-2022","81","Rockbridge County","N","54","138","119","147","147","124","121","143","160","178","243","211","251","207","2,243","<","2,246"
"2021-2022","81","Rockbridge County","Y","37","21","19","20","26","31","20","23","33","30","37","31","33","26","387","<","388"
"2021-2022","82","Rockingham County","N","305","704","692","743","686","713","722","759","808","747","884","831","801","774","10,169","21","10,190"
"2021-2022","82","Rockingham County","Y","89","63","57","71","69","73","78","70","71","99","88","91","100","101","1,120"," ","1,120"
"2021-2022","83","Russell County","N","164","236","209","202","209","192","201","201","211","261","238","242","251","191","3,008"," ","3,008"
"2021-2022","83","Russell County","Y","21","15","36","32","23","41","30","29","37","36","41","35","37","35","448"," ","448"
"2021-2022","139","Salem City","N","42","208","201","230","214","226","240","219","279","246","281","276","268","247","3,177"," ","3,177"
"2021-2022","139","Salem City","Y","40","27","47","46","53","47","42","45","52","46","52","48","49","28","622"," ","622"
"2021-2022","84","Scott County","N","179","213","193","187","183","199","183","227","231","222","245","219","213","205","2,899"," ","2,899"
"2021-2022","84","Scott County","Y","21","36","48","55","56","65","55","49","48","55","40","43","34","31","636","<","638"
"2021-2022","85","Shenandoah County","N","114","337","320","327","354","370","342","353","355","419","452","359","354","370","4,826"," ","4,826"
"2021-2022","85","Shenandoah County","Y","54","68","52","51","61","47","57","53","74","76","70","69","47","74","853"," ","853"
"2021-2022","86","Smyth County","N","113","232","235","218","235","231","263","241","257","270","325","278","250","266","3,414"," ","3,414"
"2021-2022","86","Smyth County","Y","19","48","51","55","43","54","45","46","41","48","51","49","56","32","638"," ","638"
"2021-2022","87","Southampton County","N","106","148","177","169","177","150","151","180","163","215","180","147","156","166","2,285"," ","2,285"
"2021-2022","87","Southampton County","Y","10","10","13","20","27","21","26","28","28","32","31","28","25","16","315"," ","315"
"2021-2022","88","Spotsylvania County","N","237","1,469","1,348","1,465","1,373","1,451","1,477","1,503","1,524","1,658","1,925","1,674","1,633","1,576","20,313","11","20,324"
"2021-2022","88","Spotsylvania County","Y","204","170","212","222","231","241","290","273","260","299","315","236","246","270","3,469","<","3,470"
"2021-2022","89","Stafford County","N","359","1,916","1,845","1,787","1,833","1,888","1,941","1,962","2,084","2,190","2,402","2,191","2,020","2,130","26,548","13","26,561"
"2021-2022","89","Stafford County","Y","168","168","193","251","255","262","290","302","312","329","389","349","291","349","3,908","<","3,912"
"2021-2022","126","Staunton City","N","92","195","167","190","168","165","176","156","166","200","168","185","194","178","2,400"," ","2,400"
"2021-2022","126","Staunton City","Y","22","14","20","19","15","26","32","20","25","32","24","32","30","29","340"," ","340"
"2021-2022","127","Suffolk City","N","349","921","894","903","843","908","912","925","947","973","1,296","940","838","725","12,374"," ","12,374"
"2021-2022","127","Suffolk City","Y","52","78","87","94","102","116","122","134","123","143","220","133","132","138","1,674"," ","1,674"
"2021-2022","90","Surry County","N","23","41","28","29","42","43","34","47","37","31","40","51","40","43","529"," ","529"
"2021-2022","90","Surry County","Y"," "," ","<","12","<","10","10","11","10","<","23","11","10","10","128"," ","128"
"2021-2022","91","Sussex County","N","18","51","55","59","72","63","65","60","68","64","84","68","58","61","846"," ","846"
"2021-2022","91","Sussex County","Y","<","<","<","11","<","<","12","<","17","10","16","<","<","<","129"," ","129"
"2021-2022","92","Tazewell County","N","131","364","373","325","285","304","328","320","333","357","394","344","324","334","4,516"," ","4,516"
"2021-2022","92","Tazewell County","Y","24","45","56","50","69","69","70","68","65","77","75","78","90","68","904"," ","904"
"2021-2022","128","Virginia Beach City","N","791","4,135","4,169","4,365","4,205","4,138","4,153","4,215","4,422","4,515","4,877","4,650","4,368","4,265","57,268"," ","57,268"
"2021-2022","128","Virginia Beach City","Y","587","456","503","516","590","598","649","663","629","627","651","580","545","636","8,230"," ","8,230"
"2021-2022","93","Warren County","N","127","321","298","322","333","311","328","299","331","361","428","370","348","340","4,517","<","4,519"
"2021-2022","93","Warren County","Y","34","32","45","33","38","40","36","48","49","53","72","57","54","62","653"," ","653"
"2021-2022","94","Washington County","N","204","420","383","370","388","416","362","420","439","448","468","456","430","462","5,666","<","5,667"
"2021-2022","94","Washington County","Y","29","46","64","73","80","81","80","89","77","79","102","90","96","80","1,066","<","1,068"
"2021-2022","130","Waynesboro City","N","118","212","189","207","171","166","184","192","208","221","251","183","190","168","2,660"," ","2,660"
"2021-2022","130","Waynesboro City","Y","27","23","23","30","24","35","24","22","24","27","31","25","16","30","361","<","362"
"2021-2022","207","West Point","N","<","59","44","53","43","64","53","45","38","69","60","68","59","64","720"," ","720"
"2021-2022","207","West Point","Y","<","<","<","<","11","<","<","<","<","14","<","12","<","<","93"," ","93"
"2021-2022","95","Westmoreland County","N","52","117","107","81","82","98","84","98","86","106","122","90","93","101","1,317"," ","1,317"
"2021-2022","95","Westmoreland County","Y","13","<","12","17","15","15","12","11","15","17","27","17","15","20","214"," ","214"
"2021-2022","131","Williamsburg-James City County","N"," ","663","610","685","653","669","731","702","720","770","865","798","723","774","9,363","143","9,506"
"2021-2022","131","Williamsburg-James City County","Y","70","100","114","118","119","115","148","134","131","128","150","134","110","154","1,725","91","1,816"
"2021-2022","132","Winchester City","N","133","282","238","253","247","270","250","232","240","272","345","273","274","244","3,553"," ","3,553"
"2021-2022","132","Winchester City","Y","<","15","27","35","41","38","44","63","55","56","59","51","43","54","590"," ","590"
"2021-2022","96","Wise County","N","281","343","416","459","337","318","317","371","364","364","392","301","358","333","4,954"," ","4,954"
"2021-2022","96","Wise County","Y","18","42","60","68","66","56","54","58","65","68","61","68","57","70","811"," ","811"
"2021-2022","97","Wythe County","N","96","238","209","205","251","242","227","236","243","253","299","280","256","253","3,288","<","3,289"
"2021-2022","97","Wythe County","Y","14","42","54","50","39","41","34","42","49","39","37","38","31","33","543","<","544"
"2021-2022","98","York County","N"," ","800","790","885","834","837","847","825","823","930","932","899","918","863","11,183","202","11,385"
"2021-2022","98","York County","Y"," ","13","85","86","121","113","118","131","120","123","118","106","117","120","1,371","118","1,489"
